"file","sha256"
"analysis_prefixes.csv","eab79e280bf9d1b1c56844410a227d077e829823236da63c597a15b6d6fb5fdf"
"baseline_chain01_checkpoint.rds","394f617a15ab8968a5e314c06e64a6d47569115582b1ace7178b64ab65c9d8f5"
"baseline_chain01.rds","aec5465d49fc9bd5fb3371444ee887b72da9d9e58580478c3412d5972e08fe3d"
"baseline_chain02_checkpoint.rds","b9f672ee3257bc947a27f8c6d00ea4d842219d6e742548b63548b5222a652ed4"
"baseline_chain02.rds","9519eec745975433de8d2700063000b49f0c19d1e86025239c18b4fbc4e9ae3c"
"baseline_chain03_checkpoint.rds","495cab630a471a1833200eaa7d5df1368326576f189a5c79fd46ec149c1df009"
"baseline_chain03.rds","7b8909a40cd01a6242111f36b48bc39bbe5a94f1972f49403a904631d2c092cf"
"baseline_chain04_checkpoint.rds","97556eba35ab6767b9b0a67e4fb0e950678ffcf3fde6ed07eb5912f8f00c4f26"
"baseline_chain04.rds","5c29983b22520d90532716c8f8bb4b5be2fc85e010c0242712b29beab4840aeb"
"cost.csv","02fc09bedf39ea4254fed5829e20b4710a908ad0b588a68d4c0f002e62312a1b"
"counters.csv","7843f02c09611f8b1bad8b20c7de4429d4e576187d52e415a45595be4064fb70"
"decision.csv","1fc15c1b1012d399effa4f380280c32d9b90796eefa3c212f69daecbe96cc2ed"
"design.rds","ea0d40525a923e85d79795ebe3c0a1dbe79be253dd5aac774ba055a2e882823d"
"efficiency.csv","5f325b3d1dd897e7172fe53329d07ba910eb8005da74c45a2af976edc3abb2cd"
"ledger.csv","6028d255dbc68bcc27800005e431e8085f5fd7a4412c75709f9251e201b62afc"
"posterior_agreement.csv","fc4556b75c6b9f555106038ed4298c043acaed7945d21189866e189b33d8cf13"
"posterior_summary.csv","0a77fdcfb133436c8b16609263ebfcb47d0c28985e20b92fe69f74333f73e07b"
"recycling_chain01_checkpoint.rds","8feb16069e16533d9ecd1e2579a5444dfc39dd75dbfc8e972560c5e4d10dfcc8"
"recycling_chain01.rds","cd687224e1e5516dc383f2712f4749fda1754a754afb3c32e3ef0b92f8296ba7"
"recycling_chain02_checkpoint.rds","3c3d3799c9546c60b0622b58f8169faceef8c70681a421d20dc9a0f778fe78b6"
"recycling_chain02.rds","2b1ea7fea82db9d0c294c31a088400dd14345147aa18105f82d8335945e11a17"
"recycling_chain03_checkpoint.rds","49c3f552ec56f0c8beeee94daa7c626e3bfbdddcc7fbf500f64b46861850ffca"
"recycling_chain03.rds","1c3b9499ec7bf4065fe8b0e344e028c9d5a4065ed7e9120e38294cdd55984676"
"recycling_chain04_checkpoint.rds","bc25881c2c374fa00bb624bcb1daf4f3f2ca292c644c8a86c1153c69cce8f5ee"
"recycling_chain04.rds","faabf791db046e9e98e821efce8da21c5c9762c9e90e623a0b568e63e768033f"
"REPORT.txt","e8106360304e164d913e192265716ac1b6c8e4f093eff0d32e96499b1867a104"
"session.txt","885fe72346d39d01a29b8060c309d0770a0cb0dd1251ebde38a3ac100ad6d553"
"sources.csv","18fbd36cfbb7cb6360bfbc0ca1ca2976bf8c65fb387473f8ada381c2d54a7ff3"
