"variable","statistic","baseline","recycling","difference","combined_mcse","simultaneous_z","tolerance","passed"
"mu_log_lambda","mean",1.98363175277298,2.07111827402683,0.0874865212538465,0.0276995287907871,3.5062047266172,0.0971202187713269,TRUE
"mu_log_mu_t","mean",-4.13331442827906,-4.06801147681854,0.0653029514605166,0.0512219373857005,3.5062047266172,0.179594598968233,TRUE
"mu_log_mu_a","mean",0.945131975759375,0.968754794097542,0.023622818338167,0.0263606014247898,3.5062047266172,0.0924256653120701,TRUE
"mu_log_p","mean",7.15557991345233,7.285722732466,0.13014281901367,0.05348323605013,3.5062047266172,0.18752317503375,TRUE
"mu_log_alpha_l","mean",-8.76424091036695,-8.74036477623386,0.0238761341330971,0.143542388472549,3.5062047266172,0.503289000932376,TRUE
"mu_u_pi","mean",0.495490740282502,0.0286423699353595,-0.466848370347143,0.106531672710075,3.5062047266172,0.373521854390504,FALSE
"mu_u_eta_rti","mean",4.19439584270285,4.17469277790423,-0.0197030647986196,0.0471167700517447,3.5062047266172,0.165201041858363,TRUE
"mu_u_eta_pi","mean",5.29533239303099,5.3003944109807,0.00506201794971695,0.0172193275656994,3.5062047266172,0.0603744877000252,TRUE
"beta_nelf","mean",-0.844760829958979,-0.702659947537566,0.142100882421413,0.215875709234924,3.5062047266172,0.75690443208133,TRUE
"log_omega_lambda","mean",-0.782744238977621,-0.788419674779815,-0.00567543580219476,0.00860985440236648,3.5062047266172,0.0301879122010633,TRUE
"log_omega_mu_t","mean",-1.17747648705882,-1.17664900810746,0.000827478951364258,0.0234689563547507,3.5062047266172,0.0822869656997996,TRUE
"log_omega_mu_a","mean",-1.0109579306406,-1.03910032926222,-0.02814239862162,0.0341400314411528,3.5062047266172,0.11970193960583,TRUE
"log_omega_p","mean",-0.720429717724671,-0.688991361505865,0.0314383562188065,0.0288469113847198,3.5062047266172,0.101143177045412,TRUE
"log_omega_alpha_l","mean",-0.550092668034627,-0.483931095205805,0.0661615728288217,0.0575411854456996,3.5062047266172,0.201751176384869,TRUE
"log_omega_pi","mean",-1.25744258515213,-1.23952694744446,0.0179156377076732,0.0318339123750243,3.5062047266172,0.111616214036028,TRUE
"log_omega_eta_rti","mean",-1.04300510876683,-1.0267534782134,0.0162516305534328,0.019479848703728,3.5062047266172,0.0683003375987993,TRUE
"log_omega_eta_pi","mean",-1.0578604649835,-1.05820092178659,-0.000340456803087141,0.0207531765331605,3.5062047266172,0.0727648856528885,TRUE
"log_gamma_pop","mean",-5.99770639296076,-5.97797347536947,0.0197329175912939,0.130812152644597,3.5062047266172,0.458654187901457,TRUE
"log_mu_l_pop","mean",-3.70073013282659,-3.32158381778001,0.37914631504658,0.0847945454448857,3.5062047266172,0.297307036030216,FALSE
"log_sigma_v","mean",-0.660989027577353,-0.693495442303589,-0.0325064147262354,0.0102031068707031,3.5062047266172,0.0357741815362398,TRUE
"log_sigma_t","mean",-1.08512026980464,-1.07609233911449,0.00902793069014729,0.00664005395499275,3.5062047266172,0.0232813885619888,TRUE
"treated_logit_location","mean",4.45057156307201,4.59773446344314,0.14716290037113,0.233638047610083,3.5062047266172,0.819182826848089,TRUE
"mu_log_lambda","sd",0.209950698108763,0.194547432524312,-0.0154032655844511,0.0109312683024691,3.5062047266172,0.0383272645900381,TRUE
"mu_log_mu_t","sd",0.302767918436207,0.306922965915759,0.00415504747955153,0.0219287372710871,3.5062047266172,0.0768866422686326,TRUE
"mu_log_mu_a","sd",0.22918616183359,0.226041108900217,-0.00314505293337308,0.0100847014762766,3.5062047266172,0.0353590279826447,TRUE
"mu_log_p","sd",0.326613667307598,0.357816077141806,0.031202409834208,0.0229699151093674,3.5062047266172,0.08053722492646,TRUE
"mu_log_alpha_l","sd",0.636448468449331,0.586822876424152,-0.0496255920251785,0.0576232819598166,3.5062047266172,0.202039023570705,TRUE
"mu_u_pi","sd",0.459699426025175,0.403809759909819,-0.0558896661153566,0.0444035949866604,3.5062047266172,0.155688094621025,TRUE
"mu_u_eta_rti","sd",0.249179137135901,0.264947035894935,0.015767898759034,0.0135939882706969,3.5062047266172,0.0476633059282963,TRUE
"mu_u_eta_pi","sd",0.20099774620391,0.197559330605141,-0.00343841559876884,0.00648517747825733,3.5062047266172,0.0227383599272173,TRUE
"beta_nelf","sd",0.779325449415088,0.831721636449758,0.0523961870346705,0.0879628643919607,3.5062047266172,0.308415810897881,TRUE
"log_omega_lambda","sd",0.219270304930876,0.219701656226356,0.000431351295480553,0.00330787096296036,3.5062047266172,0.0115980728053714,TRUE
"log_omega_mu_t","sd",0.352253962439102,0.355328862666586,0.0030749002274848,0.00896857841801124,3.5062047266172,0.0314456720402681,TRUE
"log_omega_mu_a","sd",0.359128111880998,0.342750211072791,-0.0163779008082067,0.0128091693814727,3.5062047266172,0.04491157022936,TRUE
"log_omega_p","sd",0.328713023129748,0.304296031828163,-0.0244169913015851,0.00980636101491498,3.5062047266172,0.0343831093414096,TRUE
"log_omega_alpha_l","sd",0.578575765157292,0.570962986059493,-0.00761277909779901,0.0390901411033507,3.5062047266172,0.137058037500702,TRUE
"log_omega_pi","sd",0.360720088409227,0.360998230991688,0.000278142582460505,0.0101797839267455,3.5062047266172,0.0356924065198971,TRUE
"log_omega_eta_rti","sd",0.348228499392201,0.35162420606604,0.00339570667383943,0.009609057669025,3.5062047266172,0.0336913234174727,TRUE
"log_omega_eta_pi","sd",0.348525504895937,0.340146944447848,-0.00837856044808971,0.00869054932505202,3.5062047266172,0.0304708451203973,TRUE
"log_gamma_pop","sd",0.500384432057109,0.486458113061633,-0.0139263189954766,0.061240183489014,3.5062047266172,0.214720620808086,TRUE
"log_mu_l_pop","sd",0.392526407747981,0.267214639554624,-0.125311768193358,0.0514460641707827,3.5062047266172,0.18038043336145,TRUE
"log_sigma_v","sd",0.139096502821877,0.133702516624273,-0.00539398619760395,0.00377665624666363,3.5062047266172,0.0132417299828604,TRUE
"log_sigma_t","sd",0.127704762313293,0.129259045142871,0.0015542828295787,0.00254754152587853,3.5062047266172,0.0089322021392889,TRUE
"treated_logit_location","sd",0.803864892815511,0.855207163415055,0.051342270599544,0.0863683466990902,3.5062047266172,0.302825105426463,TRUE
"mu_log_lambda","q05",1.63186002830377,1.74827654358673,0.116416515282957,0.0309529130221382,3.5062047266172,0.108527249940792,FALSE
"mu_log_mu_t","q05",-4.63692786884109,-4.589725748025,0.0472021208160953,0.0588580512179328,3.5062047266172,0.206368377379793,TRUE
"mu_log_mu_a","q05",0.555400239746448,0.593031586230912,0.0376313464844636,0.028585149064916,3.5062047266172,0.100225384762466,TRUE
"mu_log_p","q05",6.6556005307514,6.70425180558429,0.0486512748328884,0.0381737180258712,3.5062047266172,0.133844870574862,TRUE
"mu_log_alpha_l","q05",-9.81239095742668,-9.69776634524597,0.114624612180714,0.136230765244627,3.5062047266172,0.477652953011391,TRUE
"mu_u_pi","q05",-0.239776696326048,-0.674461530027597,-0.434684833701549,0.153669110431522,3.5062047266172,0.538795361330064,TRUE
"mu_u_eta_rti","q05",3.78139288956134,3.74244191800551,-0.0389509715558312,0.0363180076411823,3.5062047266172,0.127338370052833,TRUE
"mu_u_eta_pi","q05",4.96674513588135,4.97458486526612,0.00783972938476918,0.0184907737699777,3.5062047266172,0.0648324383911052,TRUE
"beta_nelf","q05",-2.15154954242282,-2.05067630928033,0.100873233142486,0.225687294057611,3.5062047266172,0.791305857162241,TRUE
"log_omega_lambda","q05",-1.14348697629193,-1.14780969932088,-0.00432272302895664,0.0133652344070331,3.5062047266172,0.0468612480502864,TRUE
"log_omega_mu_t","q05",-1.76086194157828,-1.76873642665996,-0.00787448508168009,0.023080639485068,3.5062047266172,0.0809254472558931,TRUE
"log_omega_mu_a","q05",-1.65132319757297,-1.63556724359079,0.0157559539821792,0.0505472830948249,3.5062047266172,0.177229122904733,TRUE
"log_omega_p","q05",-1.30514160191999,-1.21760774099695,0.0875338609230314,0.0374975780496356,3.5062047266172,0.13147418539433,TRUE
"log_omega_alpha_l","q05",-1.58259620275831,-1.49577283052144,0.0868233722368656,0.134672668362014,3.5062047266172,0.472189946357046,TRUE
"log_omega_pi","q05",-1.85116829140654,-1.83124028168876,0.0199280097177776,0.026512438525601,3.5062047266172,0.0929580372726104,TRUE
"log_omega_eta_rti","q05",-1.60808659822373,-1.60535821420199,0.00272838402173758,0.0225809108008409,3.5062047266172,0.07917329618123,TRUE
"log_omega_eta_pi","q05",-1.62941036588231,-1.62287167272442,0.00653869315788169,0.0210671472815037,3.5062047266172,0.0738657313747491,TRUE
"log_gamma_pop","q05",-6.82632963600896,-6.75935034806111,0.0669792879478548,0.222648491761249,3.5062047266172,0.780651194187482,TRUE
"log_mu_l_pop","q05",-4.34480722126476,-3.76776382005108,0.577043401213679,0.088197133315136,3.5062047266172,0.309237205703618,FALSE
"log_sigma_v","q05",-0.882149583573597,-0.908317506163781,-0.0261679225901845,0.00781020458227952,3.5062047266172,0.0273841762222358,TRUE
"log_sigma_t","q05",-1.28666419735837,-1.28010884939212,0.00655534796624901,0.00632746767483471,3.5062047266172,0.022185397069023,TRUE
"treated_logit_location","q05",3.12505327186453,3.19661067579417,0.0715574039296407,0.201192435001059,3.5062047266172,0.705421866560338,TRUE
"mu_log_lambda","q50",1.99006818068017,2.07457414187299,0.0845059611928218,0.0245182419695999,3.5062047266172,0.0859659758821553,TRUE
"mu_log_mu_t","q50",-4.13244691061187,-4.05072229196434,0.0817246186475318,0.0466201559611559,3.5062047266172,0.163459811186636,TRUE
"mu_log_mu_a","q50",0.951752965842571,0.976128579353804,0.0243756135112323,0.0270001210826689,3.5062047266172,0.0946679521592905,TRUE
"mu_log_p","q50",7.13712676759279,7.28597506148213,0.148848293889342,0.0576848359451415,3.5062047266172,0.202254844444993,TRUE
"mu_log_alpha_l","q50",-8.75459328727973,-8.74124432886201,0.0133489584177209,0.108890304765878,3.5062047266172,0.381791701252908,TRUE
"mu_u_pi","q50",0.493964405911306,0.0521056829157521,-0.441858722995553,0.13838900074519,3.5062047266172,0.485220168524617,TRUE
"mu_u_eta_rti","q50",4.19609060990102,4.16972459075287,-0.0263660191481492,0.0456511975085345,3.5062047266172,0.160062444480159,TRUE
"mu_u_eta_pi","q50",5.29499578767244,5.30095216681771,0.00595637914526836,0.0180689227737551,3.5062047266172,0.0633533424342215,TRUE
"beta_nelf","q50",-0.847706305947775,-0.718444447165213,0.129261858782563,0.205351223070686,3.5062047266172,0.720003428947065,TRUE
"log_omega_lambda","q50",-0.7823369958364,-0.788071609822019,-0.00573461398561936,0.00799886726387019,3.5062047266172,0.0280456662081653,TRUE
"log_omega_mu_t","q50",-1.17630949662538,-1.17167480693468,0.00463468969070036,0.0245594547175283,3.5062047266172,0.0861104762137388,TRUE
"log_omega_mu_a","q50",-0.982077528449394,-1.01797233262668,-0.0358948041772886,0.0329468845340116,3.5062047266172,0.115518522280463,TRUE
"log_omega_p","q50",-0.692525646130812,-0.674045226034019,0.0184804200967931,0.0276046971200696,3.5062047266172,0.0967877195192243,TRUE
"log_omega_alpha_l","q50",-0.501043241978267,-0.43453069187272,0.0665125501055473,0.0576526180829367,3.5062047266172,0.202141882024249,TRUE
"log_omega_pi","q50",-1.25875347714243,-1.2396795780479,0.0190738990945254,0.0332141794003844,3.5062047266172,0.11645571280434,TRUE
"log_omega_eta_rti","q50",-1.04810926664105,-1.02173175369229,0.0263775129487647,0.019602627496992,3.5062047266172,0.0687308251840697,TRUE
"log_omega_eta_pi","q50",-1.06008194857083,-1.05829813591265,0.00178381265818151,0.021139752878548,3.5062047266172,0.0741203014622848,TRUE
"log_gamma_pop","q50",-6.01168585821454,-5.99795564532486,0.0137302128896772,0.145880959120264,3.5062047266172,0.511488508390923,TRUE
"log_mu_l_pop","q50",-3.68890602000066,-3.31792177522463,0.370984244776031,0.0973616956842021,3.5062047266172,0.341370037599415,FALSE
"log_sigma_v","q50",-0.665441613295362,-0.695416620994004,-0.029975007698642,0.00970313020094974,3.5062047266172,0.0340211609735521,TRUE
"log_sigma_t","q50",-1.09134475669371,-1.08050148064208,0.0108432760516264,0.00648609646659397,3.5062047266172,0.0227415820884669,TRUE
"treated_logit_location","q50",4.43806242928878,4.5869624145545,0.148899985265722,0.235379685120979,3.5062047266172,0.825289364520846,TRUE
"mu_log_lambda","q95",2.32148582597013,2.38632769651625,0.0648418705461151,0.0397429462244619,3.5062047266172,0.139346905901902,TRUE
"mu_log_mu_t","q95",-3.63783162197796,-3.57595037868499,0.0618812432929721,0.0690881683357684,3.5062047266172,0.242237262372196,TRUE
"mu_log_mu_a","q95",1.31017535876458,1.32583579869214,0.0156604399275588,0.0308970563752322,3.5062047266172,0.108331405101397,TRUE
"mu_log_p","q95",7.73100017499384,7.8823151808079,0.15131500581406,0.0766658524899505,3.5062047266172,0.268806174370402,TRUE
"mu_log_alpha_l","q95",-7.67060072580067,-7.70475967642393,-0.0341589506232669,0.20970601680263,3.5062047266172,0.735272227313448,TRUE
"mu_u_pi","q95",1.23976979830281,0.646614690758347,-0.593155107544466,0.0911265687572003,3.5062047266172,0.319508406096903,FALSE
"mu_u_eta_rti","q95",4.60320375394758,4.62193730967357,0.0187335557259907,0.0451056981255512,3.5062047266172,0.158149811965176,TRUE
"mu_u_eta_pi","q95",5.62563811365478,5.62857184551309,0.00293373185830514,0.0191575958873708,3.5062047266172,0.0671704532509217,TRUE
"beta_nelf","q95",0.406319795700542,0.744888654738018,0.338568859037476,0.240023246594182,3.5062047266172,0.841570641706528,TRUE
"log_omega_lambda","q95",-0.418838769196262,-0.431613098166617,-0.0127743289703554,0.010022182260086,3.5062047266172,0.0351398228113326,TRUE
"log_omega_mu_t","q95",-0.59087944545816,-0.602715275029096,-0.0118358295709364,0.0312089724630181,3.5062047266172,0.1094250467627,TRUE
"log_omega_mu_a","q95",-0.474818931159156,-0.511232385643319,-0.0364134544841628,0.0210515381196189,3.5062047266172,0.0738110024575702,TRUE
"log_omega_p","q95",-0.228381424077253,-0.208478327129608,0.0199030969476456,0.0191669651791508,3.5062047266172,0.067203303906046,TRUE
"log_omega_alpha_l","q95",0.302298954517428,0.353061765238495,0.0507628107210669,0.0366745177121043,3.5062047266172,0.128588367348586,TRUE
"log_omega_pi","q95",-0.661488460762119,-0.648036904746965,0.0134515560151544,0.0372820238870727,3.5062047266172,0.13071840837071,TRUE
"log_omega_eta_rti","q95",-0.466987322044785,-0.4577842592197,0.00920306282508543,0.0312317597710077,3.5062047266172,0.10950494372968,TRUE
"log_omega_eta_pi","q95",-0.486402534754978,-0.499492678592614,-0.0130901438376357,0.0298795839771186,3.5062047266172,0.104763938569929,TRUE
"log_gamma_pop","q95",-5.19284454631884,-5.17413018655876,0.0187143597600805,0.121885375759945,3.5062047266172,0.427355080595035,TRUE
"log_mu_l_pop","q95",-3.06860021060571,-2.89765571807573,0.17094449252998,0.100471728532709,3.5062047266172,0.352274449472784,TRUE
"log_sigma_v","q95",-0.427416084846875,-0.470244151092892,-0.0428280662460165,0.0139407223588657,3.5062047266172,0.0488790266271131,TRUE
"log_sigma_t","q95",-0.864081417484659,-0.853105057743948,0.010976359740711,0.0108814858618707,3.5062047266172,0.0381527171615093,TRUE
"treated_logit_location","q95",5.77878828253849,6.11826971216381,0.339481429625319,0.275361373743573,3.5062047266172,0.965473350147523,TRUE
