"method","prediction_calls","observation_likelihood_calls","ode_integrations","ode_failures","prediction_failures","elapsed_seconds","snapshot","grid","vector_id"
"original",12,12,9,0,0,0.145999999999997,"comparator_chain01_retained0750","panel12","reserve_001"
"common",1,12,1,0,0,0.0210000000000008,"comparator_chain01_retained0750","panel12","reserve_001"
"original",12,12,9,0,0,0.116,"comparator_chain01_retained0750","panel12","reserve_002"
"common",1,12,1,0,0,0.0429999999999993,"comparator_chain01_retained0750","panel12","reserve_002"
"original",12,12,9,0,0,0.138999999999999,"comparator_chain01_retained0750","panel12","reserve_003"
"common",1,12,1,0,0,0.0109999999999992,"comparator_chain01_retained0750","panel12","reserve_003"
"original",12,12,9,0,0,0.105,"comparator_chain01_retained0750","panel12","reserve_004"
"common",1,12,1,0,0,0.0410000000000004,"comparator_chain01_retained0750","panel12","reserve_004"
"original",12,12,9,0,0,0.113,"comparator_chain01_retained0750","panel12","reserve_005"
"common",1,12,1,0,0,0.00999999999999801,"comparator_chain01_retained0750","panel12","reserve_005"
"original",12,12,9,0,0,0.109999999999999,"comparator_chain01_retained0750","panel12","reserve_006"
"common",1,12,1,0,0,0.0109999999999992,"comparator_chain01_retained0750","panel12","reserve_006"
"original",12,12,9,0,0,0.108000000000001,"comparator_chain01_retained0750","panel12","reserve_007"
"common",1,12,1,0,0,0.0109999999999992,"comparator_chain01_retained0750","panel12","reserve_007"
"original",12,12,9,0,0,0.103999999999999,"comparator_chain01_retained0750","panel12","reserve_008"
"common",1,12,1,0,0,0.0109999999999992,"comparator_chain01_retained0750","panel12","reserve_008"
"original",12,12,9,0,0,0.156000000000002,"comparator_chain01_retained0750","panel12","reserve_009"
"common",1,12,1,0,0,0.0229999999999997,"comparator_chain01_retained0750","panel12","reserve_009"
"original",12,12,9,0,0,0.157,"comparator_chain01_retained0750","panel12","reserve_010"
"common",1,12,1,0,0,0.0120000000000005,"comparator_chain01_retained0750","panel12","reserve_010"
"original",12,12,9,0,0,0.155000000000001,"comparator_chain01_retained0750","panel12","reserve_011"
"common",1,12,1,0,0,0.0110000000000028,"comparator_chain01_retained0750","panel12","reserve_011"
"original",12,12,9,0,0,0.151,"comparator_chain01_retained0750","panel12","reserve_012"
"common",1,12,1,0,0,0.0110000000000028,"comparator_chain01_retained0750","panel12","reserve_012"
"original",12,12,9,0,0,0.117000000000001,"comparator_chain01_retained0750","panel12","reserve_013"
"common",1,12,1,0,0,0.0119999999999969,"comparator_chain01_retained0750","panel12","reserve_013"
"original",12,12,9,0,0,0.113000000000003,"comparator_chain01_retained0750","panel12","reserve_014"
"common",1,12,1,0,0,0.0219999999999985,"comparator_chain01_retained0750","panel12","reserve_014"
"original",12,12,9,0,0,0.130000000000003,"comparator_chain01_retained0750","panel12","reserve_015"
"common",1,12,1,0,0,0.0119999999999969,"comparator_chain01_retained0750","panel12","reserve_015"
"original",12,12,9,0,0,0.118000000000002,"comparator_chain01_retained0750","panel12","reserve_016"
"common",1,12,1,0,0,0.0230000000000032,"comparator_chain01_retained0750","panel12","reserve_016"
"original",12,12,9,0,0,0.114000000000001,"comparator_chain01_retained0750","panel12","reserve_017"
"common",1,12,1,0,0,0.0219999999999985,"comparator_chain01_retained0750","panel12","reserve_017"
"original",12,12,9,0,0,0.113000000000003,"comparator_chain01_retained0750","panel12","reserve_018"
"common",1,12,1,0,0,0.0109999999999992,"comparator_chain01_retained0750","panel12","reserve_018"
"original",12,12,9,0,0,0.116,"comparator_chain01_retained0750","panel12","reserve_019"
"common",1,12,1,0,0,0.0109999999999992,"comparator_chain01_retained0750","panel12","reserve_019"
"original",12,12,9,0,0,0.113,"comparator_chain01_retained0750","panel12","reserve_020"
"common",1,12,1,0,0,0.00999999999999801,"comparator_chain01_retained0750","panel12","reserve_020"
"original",12,12,9,0,0,0.113,"comparator_chain01_retained0750","panel12","reserve_021"
"common",1,12,1,0,0,0.0109999999999992,"comparator_chain01_retained0750","panel12","reserve_021"
"original",12,12,9,0,0,0.109999999999999,"comparator_chain01_retained0750","panel12","reserve_022"
"common",1,12,1,0,0,0.0120000000000005,"comparator_chain01_retained0750","panel12","reserve_022"
"original",12,12,9,0,0,0.114000000000001,"comparator_chain01_retained0750","panel12","reserve_023"
"common",1,12,1,0,0,0.0219999999999985,"comparator_chain01_retained0750","panel12","reserve_023"
"original",12,12,9,0,0,0.114999999999998,"comparator_chain01_retained0750","panel12","reserve_024"
"common",1,12,1,0,0,0.0109999999999992,"comparator_chain01_retained0750","panel12","reserve_024"
"original",12,12,9,0,0,0.118000000000002,"comparator_chain01_retained0750","panel12","reserve_025"
"common",1,12,1,0,0,0.0249999999999986,"comparator_chain01_retained0750","panel12","reserve_025"
"original",12,12,9,0,0,0.0969999999999978,"comparator_chain01_retained0750","panel12","reserve_026"
"common",1,12,1,0,0,0.022000000000002,"comparator_chain01_retained0750","panel12","reserve_026"
"original",12,12,9,0,0,0.112999999999996,"comparator_chain01_retained0750","panel12","reserve_027"
"common",1,12,1,0,0,0.0120000000000005,"comparator_chain01_retained0750","panel12","reserve_027"
"original",12,12,9,0,0,0.109999999999999,"comparator_chain01_retained0750","panel12","reserve_028"
"common",1,12,1,0,0,0.0219999999999985,"comparator_chain01_retained0750","panel12","reserve_028"
"original",12,12,9,0,0,0.115000000000002,"comparator_chain01_retained0750","panel12","reserve_029"
"common",1,12,1,0,0,0.0109999999999957,"comparator_chain01_retained0750","panel12","reserve_029"
"original",12,12,9,0,0,0.115000000000002,"comparator_chain01_retained0750","panel12","reserve_030"
"common",1,12,1,0,0,0.0230000000000032,"comparator_chain01_retained0750","panel12","reserve_030"
"original",12,12,9,0,0,0.119,"comparator_chain01_retained0750","panel12","reserve_031"
"common",1,12,1,0,0,0.0230000000000032,"comparator_chain01_retained0750","panel12","reserve_031"
"original",12,12,9,0,0,0.113,"comparator_chain01_retained0750","panel12","reserve_032"
"common",1,12,1,0,0,0.00999999999999801,"comparator_chain01_retained0750","panel12","reserve_032"
"original",12,12,9,0,0,0.120999999999995,"comparator_chain01_retained0750","panel12","reserve_033"
"common",1,12,1,0,0,0.0229999999999961,"comparator_chain01_retained0750","panel12","reserve_033"
"original",12,12,9,0,0,0.116999999999997,"comparator_chain01_retained0750","panel12","reserve_034"
"common",1,12,1,0,0,0.0110000000000028,"comparator_chain01_retained0750","panel12","reserve_034"
"original",12,12,9,0,0,0.119,"comparator_chain01_retained0750","panel12","reserve_035"
"common",1,12,1,0,0,0.0109999999999957,"comparator_chain01_retained0750","panel12","reserve_035"
"original",12,12,9,0,0,0.122,"comparator_chain01_retained0750","panel12","reserve_036"
"common",1,12,1,0,0,0.0110000000000028,"comparator_chain01_retained0750","panel12","reserve_036"
"original",12,12,9,0,0,0.101999999999997,"comparator_chain01_retained0750","panel12","reserve_037"
"common",1,12,1,0,0,0.0120000000000005,"comparator_chain01_retained0750","panel12","reserve_037"
"original",12,12,9,0,0,0.123000000000005,"comparator_chain01_retained0750","panel12","reserve_038"
"common",1,12,1,0,0,0.0240000000000009,"comparator_chain01_retained0750","panel12","reserve_038"
"original",12,12,9,0,0,0.119000000000007,"comparator_chain01_retained0750","panel12","reserve_039"
"common",1,12,1,0,0,0.0229999999999961,"comparator_chain01_retained0750","panel12","reserve_039"
"original",12,12,9,0,0,0.117999999999995,"comparator_chain01_retained0750","panel12","reserve_040"
"common",1,12,1,0,0,0.0219999999999985,"comparator_chain01_retained0750","panel12","reserve_040"
"original",12,12,9,0,0,0.116,"comparator_chain01_retained0750","panel12","reserve_041"
"common",1,12,1,0,0,0.0120000000000005,"comparator_chain01_retained0750","panel12","reserve_041"
"original",12,12,9,0,0,0.109000000000002,"comparator_chain01_retained0750","panel12","reserve_042"
"common",1,12,1,0,0,0.0120000000000005,"comparator_chain01_retained0750","panel12","reserve_042"
"original",12,12,9,0,0,0.0970000000000013,"comparator_chain01_retained0750","panel12","reserve_043"
"common",1,12,1,0,0,0.0230000000000032,"comparator_chain01_retained0750","panel12","reserve_043"
"original",12,12,9,0,0,0.113999999999997,"comparator_chain01_retained0750","panel12","reserve_044"
"common",1,12,1,0,0,0.0120000000000005,"comparator_chain01_retained0750","panel12","reserve_044"
"original",12,12,9,0,0,0.113,"comparator_chain01_retained0750","panel12","reserve_045"
"common",1,12,1,0,0,0.0240000000000009,"comparator_chain01_retained0750","panel12","reserve_045"
"original",12,12,9,0,0,0.116999999999997,"comparator_chain01_retained0750","panel12","reserve_046"
"common",1,12,1,0,0,0.0229999999999961,"comparator_chain01_retained0750","panel12","reserve_046"
"original",12,12,9,0,0,0.125,"comparator_chain01_retained0750","panel12","reserve_047"
"common",1,12,1,0,0,0.0120000000000005,"comparator_chain01_retained0750","panel12","reserve_047"
"original",12,12,9,0,0,0.114000000000004,"comparator_chain01_retained0750","panel12","reserve_048"
"common",1,12,1,0,0,0.0229999999999961,"comparator_chain01_retained0750","panel12","reserve_048"
"original",12,12,9,0,0,0.116,"comparator_chain01_retained0750","panel12","reserve_049"
"common",1,12,1,0,0,0.0120000000000005,"comparator_chain01_retained0750","panel12","reserve_049"
"original",12,12,9,0,0,0.114999999999995,"comparator_chain01_retained0750","panel12","reserve_050"
"common",1,12,1,0,0,0.00999999999999801,"comparator_chain01_retained0750","panel12","reserve_050"
"original",12,12,9,0,0,0.110999999999997,"comparator_chain01_retained0750","panel12","reserve_051"
"common",1,12,1,0,0,0.0229999999999961,"comparator_chain01_retained0750","panel12","reserve_051"
"original",12,12,9,0,0,0.123000000000005,"comparator_chain01_retained0750","panel12","reserve_052"
"common",1,12,1,0,0,0.0120000000000005,"comparator_chain01_retained0750","panel12","reserve_052"
"original",12,12,9,0,0,0.114999999999995,"comparator_chain01_retained0750","panel12","reserve_053"
"common",1,12,1,0,0,0.0230000000000032,"comparator_chain01_retained0750","panel12","reserve_053"
"original",12,12,9,0,0,0.102000000000004,"comparator_chain01_retained0750","panel12","reserve_054"
"common",1,12,1,0,0,0.0109999999999957,"comparator_chain01_retained0750","panel12","reserve_054"
"original",12,12,9,0,0,0.115000000000002,"comparator_chain01_retained0750","panel12","reserve_055"
"common",1,12,1,0,0,0.00999999999999801,"comparator_chain01_retained0750","panel12","reserve_055"
"original",12,12,9,0,0,0.116999999999997,"comparator_chain01_retained0750","panel12","reserve_056"
"common",1,12,1,0,0,0.0240000000000009,"comparator_chain01_retained0750","panel12","reserve_056"
"original",12,12,9,0,0,0.121000000000002,"comparator_chain01_retained0750","panel12","reserve_057"
"common",1,12,1,0,0,0.0119999999999933,"comparator_chain01_retained0750","panel12","reserve_057"
"original",12,12,9,0,0,0.122999999999998,"comparator_chain01_retained0750","panel12","reserve_058"
"common",1,12,1,0,0,0.0109999999999957,"comparator_chain01_retained0750","panel12","reserve_058"
"original",12,12,9,0,0,0.113,"comparator_chain01_retained0750","panel12","reserve_059"
"common",1,12,1,0,0,0.0110000000000028,"comparator_chain01_retained0750","panel12","reserve_059"
"original",12,12,9,0,0,0.113,"comparator_chain01_retained0750","panel12","reserve_060"
"common",1,12,1,0,0,0.00999999999999801,"comparator_chain01_retained0750","panel12","reserve_060"
"original",12,12,9,0,0,0.119999999999997,"comparator_chain01_retained0750","panel12","reserve_061"
"common",1,12,1,0,0,0.0229999999999961,"comparator_chain01_retained0750","panel12","reserve_061"
"original",12,12,9,0,0,0.115000000000002,"comparator_chain01_retained0750","panel12","reserve_062"
"common",1,12,1,0,0,0.0240000000000009,"comparator_chain01_retained0750","panel12","reserve_062"
"original",12,12,9,0,0,0.106000000000002,"comparator_chain01_retained0750","panel12","reserve_063"
"common",1,12,1,0,0,0.0240000000000009,"comparator_chain01_retained0750","panel12","reserve_063"
"original",12,12,9,0,0,0.111000000000004,"comparator_chain01_retained0750","panel12","reserve_064"
"common",1,12,1,0,0,0.0109999999999957,"comparator_chain01_retained0750","panel12","reserve_064"
"original",12,12,9,0,0,0.100000000000001,"comparator_chain01_retained0750","panel12","reserve_065"
"common",1,12,1,0,0,0.0230000000000032,"comparator_chain01_retained0750","panel12","reserve_065"
"original",12,12,9,0,0,0.118000000000002,"comparator_chain01_retained0750","panel12","reserve_066"
"common",1,12,1,0,0,0.0110000000000028,"comparator_chain01_retained0750","panel12","reserve_066"
"original",12,12,9,0,0,0.120000000000005,"comparator_chain01_retained0750","panel12","reserve_067"
"common",1,12,1,0,0,0.0120000000000005,"comparator_chain01_retained0750","panel12","reserve_067"
"original",12,12,9,0,0,0.119,"comparator_chain01_retained0750","panel12","reserve_068"
"common",1,12,1,0,0,0.0240000000000009,"comparator_chain01_retained0750","panel12","reserve_068"
"original",12,12,9,0,0,0.116,"comparator_chain01_retained0750","panel12","reserve_069"
"common",1,12,1,0,0,0.0110000000000028,"comparator_chain01_retained0750","panel12","reserve_069"
"original",12,12,9,0,0,0.118000000000002,"comparator_chain01_retained0750","panel12","reserve_070"
"common",1,12,1,0,0,0.0229999999999961,"comparator_chain01_retained0750","panel12","reserve_070"
"original",12,12,9,0,0,0.113999999999997,"comparator_chain01_retained0750","panel12","reserve_071"
"common",1,12,1,0,0,0.0230000000000032,"comparator_chain01_retained0750","panel12","reserve_071"
"original",12,12,9,0,0,0.114000000000004,"comparator_chain01_retained0750","panel12","reserve_072"
"common",1,12,1,0,0,0.0109999999999957,"comparator_chain01_retained0750","panel12","reserve_072"
"original",12,12,9,0,0,0.114000000000004,"comparator_chain01_retained0750","panel12","reserve_073"
"common",1,12,1,0,0,0.0230000000000032,"comparator_chain01_retained0750","panel12","reserve_073"
"original",12,12,9,0,0,0.116,"comparator_chain01_retained0750","panel12","reserve_074"
"common",1,12,1,0,0,0.0120000000000005,"comparator_chain01_retained0750","panel12","reserve_074"
"original",12,12,9,0,0,0.107999999999997,"comparator_chain01_retained0750","panel12","reserve_075"
"common",1,12,1,0,0,0.0110000000000028,"comparator_chain01_retained0750","panel12","reserve_075"
"original",12,12,9,0,0,0.0989999999999966,"comparator_chain01_retained0750","panel12","reserve_076"
"common",1,12,1,0,0,0.0229999999999961,"comparator_chain01_retained0750","panel12","reserve_076"
"original",12,12,9,0,0,0.113999999999997,"comparator_chain01_retained0750","panel12","reserve_077"
"common",1,12,1,0,0,0.0109999999999957,"comparator_chain01_retained0750","panel12","reserve_077"
"original",12,12,9,0,0,0.119999999999997,"comparator_chain01_retained0750","panel12","reserve_078"
"common",1,12,1,0,0,0.0239999999999938,"comparator_chain01_retained0750","panel12","reserve_078"
"original",12,12,9,0,0,0.113999999999997,"comparator_chain01_retained0750","panel12","reserve_079"
"common",1,12,1,0,0,0.0109999999999957,"comparator_chain01_retained0750","panel12","reserve_079"
"original",12,12,9,0,0,0.111000000000004,"comparator_chain01_retained0750","panel12","reserve_080"
"common",1,12,1,0,0,0.0239999999999938,"comparator_chain01_retained0750","panel12","reserve_080"
"original",12,12,9,0,0,0.119999999999997,"comparator_chain01_retained0750","panel12","reserve_081"
"common",1,12,1,0,0,0.0230000000000032,"comparator_chain01_retained0750","panel12","reserve_081"
"original",12,12,9,0,0,0.116999999999997,"comparator_chain01_retained0750","panel12","reserve_082"
"common",1,12,1,0,0,0.0100000000000051,"comparator_chain01_retained0750","panel12","reserve_082"
"original",12,12,9,0,0,0.121000000000002,"comparator_chain01_retained0750","panel12","reserve_083"
"common",1,12,1,0,0,0.0249999999999986,"comparator_chain01_retained0750","panel12","reserve_083"
"original",12,12,9,0,0,0.119999999999997,"comparator_chain01_retained0750","panel12","reserve_084"
"common",1,12,1,0,0,0.0110000000000028,"comparator_chain01_retained0750","panel12","reserve_084"
"original",12,12,9,0,0,0.116,"comparator_chain01_retained0750","panel12","reserve_085"
"common",1,12,1,0,0,0.0110000000000028,"comparator_chain01_retained0750","panel12","reserve_085"
"original",12,12,9,0,0,0.118000000000002,"comparator_chain01_retained0750","panel12","reserve_086"
"common",1,12,1,0,0,0.0249999999999986,"comparator_chain01_retained0750","panel12","reserve_086"
"original",12,12,9,0,0,0.122,"comparator_chain01_retained0750","panel12","reserve_087"
"common",1,12,1,0,0,0.0119999999999933,"comparator_chain01_retained0750","panel12","reserve_087"
"original",12,12,9,0,0,0.116999999999997,"comparator_chain01_retained0750","panel12","reserve_088"
"common",1,12,1,0,0,0.0240000000000009,"comparator_chain01_retained0750","panel12","reserve_088"
"original",12,12,9,0,0,0.118000000000002,"comparator_chain01_retained0750","panel12","reserve_089"
"common",1,12,1,0,0,0.0120000000000005,"comparator_chain01_retained0750","panel12","reserve_089"
"original",12,12,9,0,0,0.113,"comparator_chain01_retained0750","panel12","reserve_090"
"common",1,12,1,0,0,0.0110000000000028,"comparator_chain01_retained0750","panel12","reserve_090"
"original",12,12,9,0,0,0.124000000000002,"comparator_chain01_retained0750","panel12","reserve_091"
"common",1,12,1,0,0,0.0249999999999986,"comparator_chain01_retained0750","panel12","reserve_091"
"original",12,12,9,0,0,0.128,"comparator_chain01_retained0750","panel12","reserve_092"
"common",1,12,1,0,0,0.0129999999999981,"comparator_chain01_retained0750","panel12","reserve_092"
"original",12,12,9,0,0,0.117000000000004,"comparator_chain01_retained0750","panel12","reserve_093"
"common",1,12,1,0,0,0.0120000000000005,"comparator_chain01_retained0750","panel12","reserve_093"
"original",12,12,9,0,0,0.121000000000002,"comparator_chain01_retained0750","panel12","reserve_094"
"common",1,12,1,0,0,0.0110000000000028,"comparator_chain01_retained0750","panel12","reserve_094"
"original",12,12,9,0,0,0.119999999999997,"comparator_chain01_retained0750","panel12","reserve_095"
"common",1,12,1,0,0,0.0120000000000005,"comparator_chain01_retained0750","panel12","reserve_095"
"original",12,12,9,0,0,0.115000000000002,"comparator_chain01_retained0750","panel12","reserve_096"
"common",1,12,1,0,0,0.0229999999999961,"comparator_chain01_retained0750","panel12","reserve_096"
"original",12,12,9,0,0,0.118000000000002,"comparator_chain01_retained0750","panel12","reserve_097"
"common",1,12,1,0,0,0.0109999999999957,"comparator_chain01_retained0750","panel12","reserve_097"
"original",12,12,9,0,0,0.125999999999998,"comparator_chain01_retained0750","panel12","reserve_098"
"common",1,12,1,0,0,0.0240000000000009,"comparator_chain01_retained0750","panel12","reserve_098"
"original",12,12,9,0,0,0.119,"comparator_chain01_retained0750","panel12","reserve_099"
"common",1,12,1,0,0,0.0240000000000009,"comparator_chain01_retained0750","panel12","reserve_099"
"original",12,12,9,0,0,0.122999999999998,"comparator_chain01_retained0750","panel12","reserve_100"
"common",1,12,1,0,0,0.0110000000000028,"comparator_chain01_retained0750","panel12","reserve_100"
"original",12,12,9,0,0,0.115000000000002,"comparator_chain01_retained0750","panel12","reserve_101"
"common",1,12,1,0,0,0.0240000000000009,"comparator_chain01_retained0750","panel12","reserve_101"
"original",12,12,9,0,0,0.116,"comparator_chain01_retained0750","panel12","reserve_102"
"common",1,12,1,0,0,0.0110000000000028,"comparator_chain01_retained0750","panel12","reserve_102"
"original",12,12,9,0,0,0.116999999999997,"comparator_chain01_retained0750","panel12","reserve_103"
"common",1,12,1,0,0,0.0109999999999957,"comparator_chain01_retained0750","panel12","reserve_103"
"original",12,12,9,0,0,0.108999999999995,"comparator_chain01_retained0750","panel12","reserve_104"
"common",1,12,1,0,0,0.0120000000000005,"comparator_chain01_retained0750","panel12","reserve_104"
"original",12,12,9,0,0,0.173000000000002,"comparator_chain01_retained0750","panel12","reserve_105"
"common",1,12,1,0,0,0.0159999999999982,"comparator_chain01_retained0750","panel12","reserve_105"
"original",12,12,9,0,0,0.189,"comparator_chain01_retained0750","panel12","reserve_106"
"common",1,12,1,0,0,0.0240000000000009,"comparator_chain01_retained0750","panel12","reserve_106"
"original",12,12,9,0,0,0.197000000000003,"comparator_chain01_retained0750","panel12","reserve_107"
"common",1,12,1,0,0,0.0160000000000053,"comparator_chain01_retained0750","panel12","reserve_107"
"original",12,12,0,0,12,0.00200000000000244,"comparator_chain01_retained0750","panel12","reserve_108"
"common",1,12,0,0,12,0,"comparator_chain01_retained0750","panel12","reserve_108"
"original",12,12,9,0,0,0.0790000000000006,"comparator_chain01_retained0750","panel12","reserve_109"
"common",1,12,1,0,0,0.00999999999999801,"comparator_chain01_retained0750","panel12","reserve_109"
"original",12,12,9,0,0,0.0889999999999986,"comparator_chain01_retained0750","panel12","reserve_110"
"common",1,12,1,0,0,0.0109999999999957,"comparator_chain01_retained0750","panel12","reserve_110"
"original",12,12,9,0,0,0.0850000000000009,"comparator_chain01_retained0750","panel12","reserve_111"
"common",1,12,1,0,0,0.0140000000000029,"comparator_chain01_retained0750","panel12","reserve_111"
"original",12,12,9,0,0,0.193000000000005,"comparator_chain01_retained0750","panel12","reserve_112"
"common",1,12,1,0,0,0.0110000000000028,"comparator_chain01_retained0750","panel12","reserve_112"
"original",12,12,9,0,0,0.0820000000000007,"comparator_chain01_retained0750","panel12","reserve_113"
"common",1,12,1,0,0,0.00999999999999801,"comparator_chain01_retained0750","panel12","reserve_113"
"original",12,12,9,0,0,0.0829999999999984,"comparator_chain01_retained0750","panel12","reserve_114"
"common",1,12,1,0,0,0.0110000000000028,"comparator_chain01_retained0750","panel12","reserve_114"
"original",12,12,9,0,0,0.0850000000000009,"comparator_chain01_retained0750","panel12","reserve_115"
"common",1,12,1,0,0,0.0110000000000028,"comparator_chain01_retained0750","panel12","reserve_115"
"original",12,12,9,0,0,0.0849999999999937,"comparator_chain01_retained0750","panel12","reserve_116"
"common",1,12,1,0,0,0.0140000000000029,"comparator_chain01_retained0750","panel12","reserve_116"
"original",12,12,9,0,0,0.0859999999999985,"comparator_chain01_retained0750","panel12","reserve_117"
"common",1,12,1,0,0,0.0110000000000028,"comparator_chain01_retained0750","panel12","reserve_117"
"original",12,12,9,0,0,0.0870000000000033,"comparator_chain01_retained0750","panel12","reserve_118"
"common",1,12,1,0,0,0.0120000000000005,"comparator_chain01_retained0750","panel12","reserve_118"
"original",12,12,9,0,0,0.0799999999999983,"comparator_chain01_retained0750","panel12","reserve_119"
"common",1,12,1,0,0,0.0110000000000028,"comparator_chain01_retained0750","panel12","reserve_119"
"original",12,12,9,0,0,0.0810000000000031,"comparator_chain01_retained0750","panel12","reserve_120"
"common",1,12,1,0,0,0.0109999999999957,"comparator_chain01_retained0750","panel12","reserve_120"
"original",12,12,9,0,0,0.0820000000000007,"comparator_chain01_retained0750","panel12","reserve_121"
"common",1,12,1,0,0,0.0119999999999933,"comparator_chain01_retained0750","panel12","reserve_121"
"original",12,12,9,0,0,0.078000000000003,"comparator_chain01_retained0750","panel12","reserve_122"
"common",1,12,1,0,0,0.0130000000000052,"comparator_chain01_retained0750","panel12","reserve_122"
"original",12,12,9,0,0,0.0829999999999984,"comparator_chain01_retained0750","panel12","reserve_123"
"common",1,12,1,0,0,0.0120000000000005,"comparator_chain01_retained0750","panel12","reserve_123"
"original",12,12,9,0,0,0.0799999999999983,"comparator_chain01_retained0750","panel12","reserve_124"
"common",1,12,1,0,0,0.0140000000000029,"comparator_chain01_retained0750","panel12","reserve_124"
"original",12,12,9,0,0,0.0859999999999985,"comparator_chain01_retained0750","panel12","reserve_125"
"common",1,12,1,0,0,0.0130000000000052,"comparator_chain01_retained0750","panel12","reserve_125"
"original",12,12,9,0,0,0.0830000000000055,"comparator_chain01_retained0750","panel12","reserve_126"
"common",1,12,1,0,0,0.0139999999999958,"comparator_chain01_retained0750","panel12","reserve_126"
"original",12,12,9,0,0,0.0750000000000028,"comparator_chain01_retained0750","panel12","reserve_127"
"common",1,12,1,0,0,0.00999999999999801,"comparator_chain01_retained0750","panel12","reserve_127"
"original",12,12,9,0,0,0.0829999999999984,"comparator_chain01_retained0750","panel12","reserve_128"
"common",1,12,1,0,0,0.0140000000000029,"comparator_chain01_retained0750","panel12","reserve_128"
"original",12,12,9,0,0,0.0839999999999961,"comparator_chain01_retained0750","panel12","patient_3"
"common",1,12,1,0,0,0.0109999999999957,"comparator_chain01_retained0750","panel12","patient_3"
"original",12,12,9,0,0,0.0799999999999983,"comparator_chain01_retained0750","panel12","patient_6"
"common",1,12,1,0,0,0.00999999999999801,"comparator_chain01_retained0750","panel12","patient_6"
"original",12,12,9,0,0,0.0900000000000034,"comparator_chain01_retained0750","panel12","patient_16"
"common",1,12,1,0,0,0.0140000000000029,"comparator_chain01_retained0750","panel12","patient_16"
"original",12,12,9,0,0,0.0810000000000031,"comparator_chain01_retained0750","panel12","patient_20"
"common",1,12,1,0,0,0.0109999999999957,"comparator_chain01_retained0750","panel12","patient_20"
"original",12,12,9,0,0,0.0799999999999983,"comparator_chain01_retained0750","panel12","patient_55"
"common",1,12,1,0,0,0.0110000000000028,"comparator_chain01_retained0750","panel12","patient_55"
"original",12,12,9,0,0,0.0870000000000033,"comparator_chain01_retained0750","panel12","patient_71"
"common",1,12,1,0,0,0.00999999999999801,"comparator_chain01_retained0750","panel12","patient_71"
"original",12,12,9,0,0,0.0910000000000011,"comparator_chain01_retained0750","panel12","patient_74"
"common",1,12,1,0,0,0.0150000000000006,"comparator_chain01_retained0750","panel12","patient_74"
"original",12,12,9,0,0,0.0839999999999961,"comparator_chain01_retained0750","panel12","patient_88"
"common",1,12,1,0,0,0.0110000000000028,"comparator_chain01_retained0750","panel12","patient_88"
"original",12,12,9,0,0,0.0810000000000031,"comparator_chain01_retained0750","panel12","patient_105"
"common",1,12,1,0,0,0.0110000000000028,"comparator_chain01_retained0750","panel12","patient_105"
"original",12,12,9,0,0,0.0840000000000032,"comparator_chain01_retained0750","panel12","patient_111"
"common",1,12,1,0,0,0.0110000000000028,"comparator_chain01_retained0750","panel12","patient_111"
"original",12,12,9,0,0,0.0799999999999983,"comparator_chain01_retained0750","panel12","patient_117"
"common",1,12,1,0,0,0.00999999999999801,"comparator_chain01_retained0750","panel12","patient_117"
"original",12,12,9,0,0,0.0820000000000007,"comparator_chain01_retained0750","panel12","patient_122"
"common",1,12,1,0,0,0.00999999999999801,"comparator_chain01_retained0750","panel12","patient_122"
"original",115,115,110,0,0,1.508,"comparator_chain01_retained0750","grid115","reserve_001"
"common",1,115,1,0,0,0.0560000000000045,"comparator_chain01_retained0750","grid115","reserve_001"
"original",115,115,110,0,0,1.415,"comparator_chain01_retained0750","grid115","reserve_002"
"common",1,115,1,0,0,0.0730000000000004,"comparator_chain01_retained0750","grid115","reserve_002"
"original",115,115,110,0,0,1.439,"comparator_chain01_retained0750","grid115","reserve_003"
"common",1,115,1,0,0,0.0439999999999969,"comparator_chain01_retained0750","grid115","reserve_003"
"original",115,115,110,0,0,1.423,"comparator_chain01_retained0750","grid115","reserve_004"
"common",1,115,1,0,0,0.0700000000000003,"comparator_chain01_retained0750","grid115","reserve_004"
"original",115,115,110,0,0,1.448,"comparator_chain01_retained0750","grid115","patient_3"
"common",1,115,1,0,0,0.044000000000004,"comparator_chain01_retained0750","grid115","patient_3"
"original",115,115,110,0,0,1.381,"comparator_chain01_retained0750","grid115","patient_20"
"common",1,115,1,0,0,0.0439999999999969,"comparator_chain01_retained0750","grid115","patient_20"
"original",115,115,110,0,0,1.457,"comparator_chain01_retained0750","grid115","patient_74"
"common",1,115,1,0,0,0.0579999999999998,"comparator_chain01_retained0750","grid115","patient_74"
"original",115,115,110,0,0,1.45,"comparator_chain01_retained0750","grid115","patient_122"
"common",1,115,1,0,0,0.044000000000004,"comparator_chain01_retained0750","grid115","patient_122"
"original",12,12,9,0,0,0.146000000000001,"comparator_chain03_retained0750","panel12","reserve_001"
"common",1,12,1,0,0,0.019999999999996,"comparator_chain03_retained0750","panel12","reserve_001"
"original",12,12,9,0,0,0.118000000000002,"comparator_chain03_retained0750","panel12","reserve_002"
"common",1,12,1,0,0,0.0450000000000017,"comparator_chain03_retained0750","panel12","reserve_002"
"original",12,12,9,0,0,0.141999999999996,"comparator_chain03_retained0750","panel12","reserve_003"
"common",1,12,1,0,0,0.0210000000000008,"comparator_chain03_retained0750","panel12","reserve_003"
"original",12,12,9,0,0,0.116,"comparator_chain03_retained0750","panel12","reserve_004"
"common",1,12,1,0,0,0.0429999999999993,"comparator_chain03_retained0750","panel12","reserve_004"
"original",12,12,9,0,0,0.114999999999995,"comparator_chain03_retained0750","panel12","reserve_005"
"common",1,12,1,0,0,0.0120000000000005,"comparator_chain03_retained0750","panel12","reserve_005"
"original",12,12,9,0,0,0.112000000000002,"comparator_chain03_retained0750","panel12","reserve_006"
"common",1,12,1,0,0,0.0120000000000005,"comparator_chain03_retained0750","panel12","reserve_006"
"original",12,12,9,0,0,0.109000000000002,"comparator_chain03_retained0750","panel12","reserve_007"
"common",1,12,1,0,0,0.0130000000000052,"comparator_chain03_retained0750","panel12","reserve_007"
"original",12,12,9,0,0,0.111000000000004,"comparator_chain03_retained0750","panel12","reserve_008"
"common",1,12,1,0,0,0.0119999999999933,"comparator_chain03_retained0750","panel12","reserve_008"
"original",12,12,9,0,0,0.114999999999995,"comparator_chain03_retained0750","panel12","reserve_009"
"common",1,12,1,0,0,0.0129999999999981,"comparator_chain03_retained0750","panel12","reserve_009"
"original",12,12,9,0,0,0.114999999999995,"comparator_chain03_retained0750","panel12","reserve_010"
"common",1,12,1,0,0,0.0109999999999957,"comparator_chain03_retained0750","panel12","reserve_010"
"original",12,12,9,0,0,0.110999999999997,"comparator_chain03_retained0750","panel12","reserve_011"
"common",1,12,1,0,0,0.0130000000000052,"comparator_chain03_retained0750","panel12","reserve_011"
"original",12,12,9,0,0,0.109000000000002,"comparator_chain03_retained0750","panel12","reserve_012"
"common",1,12,1,0,0,0.0200000000000031,"comparator_chain03_retained0750","panel12","reserve_012"
"original",12,12,9,0,0,0.115000000000002,"comparator_chain03_retained0750","panel12","reserve_013"
"common",1,12,1,0,0,0.0279999999999987,"comparator_chain03_retained0750","panel12","reserve_013"
"original",12,12,9,0,0,0.111999999999995,"comparator_chain03_retained0750","panel12","reserve_014"
"common",1,12,1,0,0,0.0200000000000031,"comparator_chain03_retained0750","panel12","reserve_014"
"original",12,12,9,0,0,0.113999999999997,"comparator_chain03_retained0750","panel12","reserve_015"
"common",1,12,1,0,0,0.027000000000001,"comparator_chain03_retained0750","panel12","reserve_015"
"original",12,12,9,0,0,0.127000000000002,"comparator_chain03_retained0750","panel12","reserve_016"
"common",1,12,1,0,0,0.0109999999999957,"comparator_chain03_retained0750","panel12","reserve_016"
"original",12,12,9,0,0,0.112000000000002,"comparator_chain03_retained0750","panel12","reserve_017"
"common",1,12,1,0,0,0.0120000000000005,"comparator_chain03_retained0750","panel12","reserve_017"
"original",12,12,9,0,0,0.113,"comparator_chain03_retained0750","panel12","reserve_018"
"common",1,12,1,0,0,0.0110000000000028,"comparator_chain03_retained0750","panel12","reserve_018"
"original",12,12,9,0,0,0.113,"comparator_chain03_retained0750","panel12","reserve_019"
"common",1,12,1,0,0,0.0129999999999981,"comparator_chain03_retained0750","panel12","reserve_019"
"original",12,12,9,0,0,0.112000000000002,"comparator_chain03_retained0750","panel12","reserve_020"
"common",1,12,1,0,0,0.0120000000000005,"comparator_chain03_retained0750","panel12","reserve_020"
"original",12,12,9,0,0,0.111999999999995,"comparator_chain03_retained0750","panel12","reserve_021"
"common",1,12,1,0,0,0.0220000000000056,"comparator_chain03_retained0750","panel12","reserve_021"
"original",12,12,9,0,0,0.120999999999995,"comparator_chain03_retained0750","panel12","reserve_022"
"common",1,12,1,0,0,0.0120000000000005,"comparator_chain03_retained0750","panel12","reserve_022"
"original",12,12,9,0,0,0.111000000000004,"comparator_chain03_retained0750","panel12","reserve_023"
"common",1,12,1,0,0,0.0210000000000008,"comparator_chain03_retained0750","panel12","reserve_023"
"original",12,12,9,0,0,0.111999999999995,"comparator_chain03_retained0750","panel12","reserve_024"
"common",1,12,1,0,0,0.0130000000000052,"comparator_chain03_retained0750","panel12","reserve_024"
"original",12,12,9,0,0,0.117000000000004,"comparator_chain03_retained0750","panel12","reserve_025"
"common",1,12,1,0,0,0.0229999999999961,"comparator_chain03_retained0750","panel12","reserve_025"
"original",12,12,9,0,0,0.109999999999999,"comparator_chain03_retained0750","panel12","reserve_026"
"common",1,12,1,0,0,0.0110000000000028,"comparator_chain03_retained0750","panel12","reserve_026"
"original",12,12,9,0,0,0.113999999999997,"comparator_chain03_retained0750","panel12","reserve_027"
"common",1,12,1,0,0,0.0130000000000052,"comparator_chain03_retained0750","panel12","reserve_027"
"original",12,12,9,0,0,0.111999999999995,"comparator_chain03_retained0750","panel12","reserve_028"
"common",1,12,1,0,0,0.0210000000000008,"comparator_chain03_retained0750","panel12","reserve_028"
"original",12,12,9,0,0,0.110999999999997,"comparator_chain03_retained0750","panel12","reserve_029"
"common",1,12,1,0,0,0.0110000000000028,"comparator_chain03_retained0750","panel12","reserve_029"
"original",12,12,9,0,0,0.113,"comparator_chain03_retained0750","panel12","reserve_030"
"common",1,12,1,0,0,0.0110000000000028,"comparator_chain03_retained0750","panel12","reserve_030"
"original",12,12,9,0,0,0.127000000000002,"comparator_chain03_retained0750","panel12","reserve_031"
"common",1,12,1,0,0,0.0110000000000028,"comparator_chain03_retained0750","panel12","reserve_031"
"original",12,12,9,0,0,0.111000000000004,"comparator_chain03_retained0750","panel12","reserve_032"
"common",1,12,1,0,0,0.0109999999999957,"comparator_chain03_retained0750","panel12","reserve_032"
"original",12,12,9,0,0,0.119,"comparator_chain03_retained0750","panel12","reserve_033"
"common",1,12,1,0,0,0.0249999999999986,"comparator_chain03_retained0750","panel12","reserve_033"
"original",12,12,9,0,0,0.109000000000002,"comparator_chain03_retained0750","panel12","reserve_034"
"common",1,12,1,0,0,0.0230000000000032,"comparator_chain03_retained0750","panel12","reserve_034"
"original",12,12,9,0,0,0.112000000000002,"comparator_chain03_retained0750","panel12","reserve_035"
"common",1,12,1,0,0,0.0230000000000032,"comparator_chain03_retained0750","panel12","reserve_035"
"original",12,12,9,0,0,0.114999999999995,"comparator_chain03_retained0750","panel12","reserve_036"
"common",1,12,1,0,0,0.0220000000000056,"comparator_chain03_retained0750","panel12","reserve_036"
"original",12,12,9,0,0,0.115000000000002,"comparator_chain03_retained0750","panel12","reserve_037"
"common",1,12,1,0,0,0.0229999999999961,"comparator_chain03_retained0750","panel12","reserve_037"
"original",12,12,9,0,0,0.130000000000003,"comparator_chain03_retained0750","panel12","reserve_038"
"common",1,12,1,0,0,0.0120000000000005,"comparator_chain03_retained0750","panel12","reserve_038"
"original",12,12,9,0,0,0.112000000000002,"comparator_chain03_retained0750","panel12","reserve_039"
"common",1,12,1,0,0,0.0110000000000028,"comparator_chain03_retained0750","panel12","reserve_039"
"original",12,12,9,0,0,0.125999999999998,"comparator_chain03_retained0750","panel12","reserve_040"
"common",1,12,1,0,0,0.0120000000000005,"comparator_chain03_retained0750","panel12","reserve_040"
"original",12,12,9,0,0,0.111999999999995,"comparator_chain03_retained0750","panel12","reserve_041"
"common",1,12,1,0,0,0.0120000000000005,"comparator_chain03_retained0750","panel12","reserve_041"
"original",12,12,9,0,0,0.111999999999995,"comparator_chain03_retained0750","panel12","reserve_042"
"common",1,12,1,0,0,0.0120000000000005,"comparator_chain03_retained0750","panel12","reserve_042"
"original",12,12,9,0,0,0.110999999999997,"comparator_chain03_retained0750","panel12","reserve_043"
"common",1,12,1,0,0,0.0219999999999985,"comparator_chain03_retained0750","panel12","reserve_043"
"original",12,12,9,0,0,0.113,"comparator_chain03_retained0750","panel12","reserve_044"
"common",1,12,1,0,0,0.0110000000000028,"comparator_chain03_retained0750","panel12","reserve_044"
"original",12,12,9,0,0,0.113,"comparator_chain03_retained0750","panel12","reserve_045"
"common",1,12,1,0,0,0.0210000000000008,"comparator_chain03_retained0750","panel12","reserve_045"
"original",12,12,9,0,0,0.110999999999997,"comparator_chain03_retained0750","panel12","reserve_046"
"common",1,12,1,0,0,0.019999999999996,"comparator_chain03_retained0750","panel12","reserve_046"
"original",12,12,9,0,0,0.116999999999997,"comparator_chain03_retained0750","panel12","reserve_047"
"common",1,12,1,0,0,0.0129999999999981,"comparator_chain03_retained0750","panel12","reserve_047"
"original",12,12,9,0,0,0.113000000000007,"comparator_chain03_retained0750","panel12","reserve_048"
"common",1,12,1,0,0,0.0210000000000008,"comparator_chain03_retained0750","panel12","reserve_048"
"original",12,12,9,0,0,0.116,"comparator_chain03_retained0750","panel12","reserve_049"
"common",1,12,1,0,0,0.0109999999999957,"comparator_chain03_retained0750","panel12","reserve_049"
"original",12,12,9,0,0,0.112000000000002,"comparator_chain03_retained0750","panel12","reserve_050"
"common",1,12,1,0,0,0.0109999999999957,"comparator_chain03_retained0750","panel12","reserve_050"
"original",12,12,9,0,0,0.108000000000004,"comparator_chain03_retained0750","panel12","reserve_051"
"common",1,12,1,0,0,0.0219999999999985,"comparator_chain03_retained0750","panel12","reserve_051"
"original",12,12,9,0,0,0.113,"comparator_chain03_retained0750","panel12","reserve_052"
"common",1,12,1,0,0,0.0110000000000028,"comparator_chain03_retained0750","panel12","reserve_052"
"original",12,12,9,0,0,0.126999999999995,"comparator_chain03_retained0750","panel12","reserve_053"
"common",1,12,1,0,0,0.0129999999999981,"comparator_chain03_retained0750","panel12","reserve_053"
"original",12,12,9,0,0,0.109000000000002,"comparator_chain03_retained0750","panel12","reserve_054"
"common",1,12,1,0,0,0.0219999999999985,"comparator_chain03_retained0750","panel12","reserve_054"
"original",12,12,9,0,0,0.116999999999997,"comparator_chain03_retained0750","panel12","reserve_055"
"common",1,12,1,0,0,0.0230000000000032,"comparator_chain03_retained0750","panel12","reserve_055"
"original",12,12,9,0,0,0.117000000000004,"comparator_chain03_retained0750","panel12","reserve_056"
"common",1,12,1,0,0,0.0219999999999985,"comparator_chain03_retained0750","panel12","reserve_056"
"original",12,12,9,0,0,0.114000000000004,"comparator_chain03_retained0750","panel12","reserve_057"
"common",1,12,1,0,0,0.0249999999999986,"comparator_chain03_retained0750","panel12","reserve_057"
"original",12,12,9,0,0,0.116999999999997,"comparator_chain03_retained0750","panel12","reserve_058"
"common",1,12,1,0,0,0.0110000000000028,"comparator_chain03_retained0750","panel12","reserve_058"
"original",12,12,9,0,0,0.113,"comparator_chain03_retained0750","panel12","reserve_059"
"common",1,12,1,0,0,0.0120000000000005,"comparator_chain03_retained0750","panel12","reserve_059"
"original",12,12,9,0,0,0.113999999999997,"comparator_chain03_retained0750","panel12","reserve_060"
"common",1,12,1,0,0,0.0219999999999985,"comparator_chain03_retained0750","panel12","reserve_060"
"original",12,12,9,0,0,0.115000000000002,"comparator_chain03_retained0750","panel12","reserve_061"
"common",1,12,1,0,0,0.0120000000000005,"comparator_chain03_retained0750","panel12","reserve_061"
"original",12,12,9,0,0,0.114000000000004,"comparator_chain03_retained0750","panel12","reserve_062"
"common",1,12,1,0,0,0.0219999999999985,"comparator_chain03_retained0750","panel12","reserve_062"
"original",12,12,9,0,0,0.115000000000002,"comparator_chain03_retained0750","panel12","reserve_063"
"common",1,12,1,0,0,0.0219999999999985,"comparator_chain03_retained0750","panel12","reserve_063"
"original",12,12,9,0,0,0.112000000000002,"comparator_chain03_retained0750","panel12","reserve_064"
"common",1,12,1,0,0,0.0109999999999957,"comparator_chain03_retained0750","panel12","reserve_064"
"original",12,12,9,0,0,0.113,"comparator_chain03_retained0750","panel12","reserve_065"
"common",1,12,1,0,0,0.0219999999999985,"comparator_chain03_retained0750","panel12","reserve_065"
"original",12,12,9,0,0,0.129000000000005,"comparator_chain03_retained0750","panel12","reserve_066"
"common",1,12,1,0,0,0.0110000000000028,"comparator_chain03_retained0750","panel12","reserve_066"
"original",12,12,9,0,0,0.113999999999997,"comparator_chain03_retained0750","panel12","reserve_067"
"common",1,12,1,0,0,0.0129999999999981,"comparator_chain03_retained0750","panel12","reserve_067"
"original",12,12,9,0,0,0.115000000000002,"comparator_chain03_retained0750","panel12","reserve_068"
"common",1,12,1,0,0,0.0230000000000032,"comparator_chain03_retained0750","panel12","reserve_068"
"original",12,12,9,0,0,0.113999999999997,"comparator_chain03_retained0750","panel12","reserve_069"
"common",1,12,1,0,0,0.0110000000000028,"comparator_chain03_retained0750","panel12","reserve_069"
"original",12,12,9,0,0,0.110999999999997,"comparator_chain03_retained0750","panel12","reserve_070"
"common",1,12,1,0,0,0.0130000000000052,"comparator_chain03_retained0750","panel12","reserve_070"
"original",12,12,9,0,0,0.111999999999995,"comparator_chain03_retained0750","panel12","reserve_071"
"common",1,12,1,0,0,0.0209999999999937,"comparator_chain03_retained0750","panel12","reserve_071"
"original",12,12,9,0,0,0.116,"comparator_chain03_retained0750","panel12","reserve_072"
"common",1,12,1,0,0,0.0109999999999957,"comparator_chain03_retained0750","panel12","reserve_072"
"original",12,12,9,0,0,0.117000000000004,"comparator_chain03_retained0750","panel12","reserve_073"
"common",1,12,1,0,0,0.019999999999996,"comparator_chain03_retained0750","panel12","reserve_073"
"original",12,12,9,0,0,0.103000000000002,"comparator_chain03_retained0750","panel12","reserve_074"
"common",1,12,1,0,0,0.0219999999999985,"comparator_chain03_retained0750","panel12","reserve_074"
"original",12,12,9,0,0,0.109999999999999,"comparator_chain03_retained0750","panel12","reserve_075"
"common",1,12,1,0,0,0.0120000000000005,"comparator_chain03_retained0750","panel12","reserve_075"
"original",12,12,9,0,0,0.111000000000004,"comparator_chain03_retained0750","panel12","reserve_076"
"common",1,12,1,0,0,0.0219999999999985,"comparator_chain03_retained0750","panel12","reserve_076"
"original",12,12,9,0,0,0.111999999999995,"comparator_chain03_retained0750","panel12","reserve_077"
"common",1,12,1,0,0,0.0109999999999957,"comparator_chain03_retained0750","panel12","reserve_077"
"original",12,12,9,0,0,0.113,"comparator_chain03_retained0750","panel12","reserve_078"
"common",1,12,1,0,0,0.0120000000000005,"comparator_chain03_retained0750","panel12","reserve_078"
"original",12,12,9,0,0,0.109000000000002,"comparator_chain03_retained0750","panel12","reserve_079"
"common",1,12,1,0,0,0.0120000000000005,"comparator_chain03_retained0750","panel12","reserve_079"
"original",12,12,9,0,0,0.113999999999997,"comparator_chain03_retained0750","panel12","reserve_080"
"common",1,12,1,0,0,0.0110000000000028,"comparator_chain03_retained0750","panel12","reserve_080"
"original",12,12,9,0,0,0.128999999999998,"comparator_chain03_retained0750","panel12","reserve_081"
"common",1,12,1,0,0,0.0130000000000052,"comparator_chain03_retained0750","panel12","reserve_081"
"original",12,12,9,0,0,0.0970000000000013,"comparator_chain03_retained0750","panel12","reserve_082"
"common",1,12,1,0,0,0.0219999999999985,"comparator_chain03_retained0750","panel12","reserve_082"
"original",12,12,9,0,0,0.127999999999993,"comparator_chain03_retained0750","panel12","reserve_083"
"common",1,12,1,0,0,0.0120000000000005,"comparator_chain03_retained0750","panel12","reserve_083"
"original",12,12,9,0,0,0.113,"comparator_chain03_retained0750","panel12","reserve_084"
"common",1,12,1,0,0,0.0210000000000008,"comparator_chain03_retained0750","panel12","reserve_084"
"original",12,12,9,0,0,0.188000000000002,"comparator_chain03_retained0750","panel12","reserve_085"
"common",1,12,1,0,0,0.0109999999999957,"comparator_chain03_retained0750","panel12","reserve_085"
"original",12,12,9,0,0,0.192,"comparator_chain03_retained0750","panel12","reserve_086"
"common",1,12,1,0,0,0.0189999999999984,"comparator_chain03_retained0750","panel12","reserve_086"
"original",12,12,9,0,0,0.189,"comparator_chain03_retained0750","panel12","reserve_087"
"common",1,12,1,0,0,0.0110000000000028,"comparator_chain03_retained0750","panel12","reserve_087"
"original",12,12,9,0,0,0.192,"comparator_chain03_retained0750","panel12","reserve_088"
"common",1,12,1,0,0,0.0120000000000005,"comparator_chain03_retained0750","panel12","reserve_088"
"original",12,12,9,0,0,0.0859999999999985,"comparator_chain03_retained0750","panel12","reserve_089"
"common",1,12,1,0,0,0.0110000000000028,"comparator_chain03_retained0750","panel12","reserve_089"
"original",12,12,9,0,0,0.0900000000000034,"comparator_chain03_retained0750","panel12","reserve_090"
"common",1,12,1,0,0,0.0129999999999981,"comparator_chain03_retained0750","panel12","reserve_090"
"original",12,12,9,0,0,0.0870000000000033,"comparator_chain03_retained0750","panel12","reserve_091"
"common",1,12,1,0,0,0.0110000000000028,"comparator_chain03_retained0750","panel12","reserve_091"
"original",12,12,9,0,0,0.0900000000000034,"comparator_chain03_retained0750","panel12","reserve_092"
"common",1,12,1,0,0,0.0159999999999982,"comparator_chain03_retained0750","panel12","reserve_092"
"original",12,12,9,0,0,0.0850000000000009,"comparator_chain03_retained0750","panel12","reserve_093"
"common",1,12,1,0,0,0.0140000000000029,"comparator_chain03_retained0750","panel12","reserve_093"
"original",12,12,9,0,0,0.0870000000000033,"comparator_chain03_retained0750","panel12","reserve_094"
"common",1,12,1,0,0,0.0110000000000028,"comparator_chain03_retained0750","panel12","reserve_094"
"original",12,12,9,0,0,0.0889999999999986,"comparator_chain03_retained0750","panel12","reserve_095"
"common",1,12,1,0,0,0.0140000000000029,"comparator_chain03_retained0750","panel12","reserve_095"
"original",12,12,9,0,0,0.0890000000000057,"comparator_chain03_retained0750","panel12","reserve_096"
"common",1,12,1,0,0,0.0159999999999982,"comparator_chain03_retained0750","panel12","reserve_096"
"original",12,12,9,0,0,0.0870000000000033,"comparator_chain03_retained0750","panel12","reserve_097"
"common",1,12,1,0,0,0.0110000000000028,"comparator_chain03_retained0750","panel12","reserve_097"
"original",12,12,9,0,0,0.0800000000000054,"comparator_chain03_retained0750","panel12","reserve_098"
"common",1,12,1,0,0,0.0140000000000029,"comparator_chain03_retained0750","panel12","reserve_098"
"original",12,12,9,0,0,0.0829999999999984,"comparator_chain03_retained0750","panel12","reserve_099"
"common",1,12,1,0,0,0.0109999999999957,"comparator_chain03_retained0750","panel12","reserve_099"
"original",12,12,9,0,0,0.0910000000000011,"comparator_chain03_retained0750","panel12","reserve_100"
"common",1,12,1,0,0,0.0109999999999957,"comparator_chain03_retained0750","panel12","reserve_100"
"original",12,12,9,0,0,0.0840000000000032,"comparator_chain03_retained0750","panel12","reserve_101"
"common",1,12,1,0,0,0.0120000000000005,"comparator_chain03_retained0750","panel12","reserve_101"
"original",12,12,9,0,0,0.0850000000000009,"comparator_chain03_retained0750","panel12","reserve_102"
"common",1,12,1,0,0,0.0139999999999958,"comparator_chain03_retained0750","panel12","reserve_102"
"original",12,12,9,0,0,0.0940000000000012,"comparator_chain03_retained0750","panel12","reserve_103"
"common",1,12,1,0,0,0.0110000000000028,"comparator_chain03_retained0750","panel12","reserve_103"
"original",12,12,9,0,0,0.078000000000003,"comparator_chain03_retained0750","panel12","reserve_104"
"common",1,12,1,0,0,0.0100000000000051,"comparator_chain03_retained0750","panel12","reserve_104"
"original",12,12,9,0,0,0.0920000000000059,"comparator_chain03_retained0750","panel12","reserve_105"
"common",1,12,1,0,0,0.0159999999999982,"comparator_chain03_retained0750","panel12","reserve_105"
"original",12,12,9,0,0,0.0859999999999985,"comparator_chain03_retained0750","panel12","reserve_106"
"common",1,12,1,0,0,0.0110000000000028,"comparator_chain03_retained0750","panel12","reserve_106"
"original",12,12,9,0,0,0.0910000000000011,"comparator_chain03_retained0750","panel12","reserve_107"
"common",1,12,1,0,0,0.0150000000000006,"comparator_chain03_retained0750","panel12","reserve_107"
"original",12,12,9,0,0,0.0790000000000006,"comparator_chain03_retained0750","panel12","reserve_108"
"common",1,12,1,0,0,0.0140000000000029,"comparator_chain03_retained0750","panel12","reserve_108"
"original",12,12,9,0,0,0.0820000000000007,"comparator_chain03_retained0750","panel12","reserve_109"
"common",1,12,1,0,0,0.0129999999999981,"comparator_chain03_retained0750","panel12","reserve_109"
"original",12,12,9,0,0,0.0850000000000009,"comparator_chain03_retained0750","panel12","reserve_110"
"common",1,12,1,0,0,0.0109999999999957,"comparator_chain03_retained0750","panel12","reserve_110"
"original",12,12,9,0,0,0.0889999999999986,"comparator_chain03_retained0750","panel12","reserve_111"
"common",1,12,1,0,0,0.0109999999999957,"comparator_chain03_retained0750","panel12","reserve_111"
"original",12,12,9,0,0,0.088000000000001,"comparator_chain03_retained0750","panel12","reserve_112"
"common",1,12,1,0,0,0.0150000000000006,"comparator_chain03_retained0750","panel12","reserve_112"
"original",12,12,9,0,0,0.0850000000000009,"comparator_chain03_retained0750","panel12","reserve_113"
"common",1,12,1,0,0,0.0110000000000028,"comparator_chain03_retained0750","panel12","reserve_113"
"original",12,12,9,0,0,0.0919999999999987,"comparator_chain03_retained0750","panel12","reserve_114"
"common",1,12,1,0,0,0.0150000000000006,"comparator_chain03_retained0750","panel12","reserve_114"
"original",12,12,9,0,0,0.0870000000000033,"comparator_chain03_retained0750","panel12","reserve_115"
"common",1,12,1,0,0,0.0109999999999957,"comparator_chain03_retained0750","panel12","reserve_115"
"original",12,12,9,0,0,0.0850000000000009,"comparator_chain03_retained0750","panel12","reserve_116"
"common",1,12,1,0,0,0.0110000000000028,"comparator_chain03_retained0750","panel12","reserve_116"
"original",12,12,9,0,0,0.0920000000000059,"comparator_chain03_retained0750","panel12","reserve_117"
"common",1,12,1,0,0,0.0150000000000006,"comparator_chain03_retained0750","panel12","reserve_117"
"original",12,12,9,0,0,0.0959999999999965,"comparator_chain03_retained0750","panel12","reserve_118"
"common",1,12,1,0,0,0.0120000000000005,"comparator_chain03_retained0750","panel12","reserve_118"
"original",12,12,9,0,0,0.0829999999999984,"comparator_chain03_retained0750","panel12","reserve_119"
"common",1,12,1,0,0,0.0130000000000052,"comparator_chain03_retained0750","panel12","reserve_119"
"original",12,12,9,0,0,0.0869999999999962,"comparator_chain03_retained0750","panel12","reserve_120"
"common",1,12,1,0,0,0.0120000000000005,"comparator_chain03_retained0750","panel12","reserve_120"
"original",12,12,9,0,0,0.0919999999999987,"comparator_chain03_retained0750","panel12","reserve_121"
"common",1,12,1,0,0,0.0109999999999957,"comparator_chain03_retained0750","panel12","reserve_121"
"original",12,12,9,0,0,0.0829999999999984,"comparator_chain03_retained0750","panel12","reserve_122"
"common",1,12,1,0,0,0.0109999999999957,"comparator_chain03_retained0750","panel12","reserve_122"
"original",12,12,9,0,0,0.0930000000000035,"comparator_chain03_retained0750","panel12","reserve_123"
"common",1,12,1,0,0,0.0129999999999981,"comparator_chain03_retained0750","panel12","reserve_123"
"original",12,12,9,0,0,0.0910000000000011,"comparator_chain03_retained0750","panel12","reserve_124"
"common",1,12,1,0,0,0.0140000000000029,"comparator_chain03_retained0750","panel12","reserve_124"
"original",12,12,9,0,0,0.0849999999999937,"comparator_chain03_retained0750","panel12","reserve_125"
"common",1,12,1,0,0,0.0109999999999957,"comparator_chain03_retained0750","panel12","reserve_125"
"original",12,12,9,0,0,0.0949999999999989,"comparator_chain03_retained0750","panel12","reserve_126"
"common",1,12,1,0,0,0.0209999999999937,"comparator_chain03_retained0750","panel12","reserve_126"
"original",12,12,9,0,0,0.0869999999999962,"comparator_chain03_retained0750","panel12","reserve_127"
"common",1,12,1,0,0,0.0120000000000005,"comparator_chain03_retained0750","panel12","reserve_127"
"original",12,12,9,0,0,0.0960000000000036,"comparator_chain03_retained0750","panel12","reserve_128"
"common",1,12,1,0,0,0.0120000000000005,"comparator_chain03_retained0750","panel12","reserve_128"
"original",12,12,9,0,0,0.0870000000000033,"comparator_chain03_retained0750","panel12","patient_3"
"common",1,12,1,0,0,0.0120000000000005,"comparator_chain03_retained0750","panel12","patient_3"
"original",12,12,9,0,0,0.0829999999999984,"comparator_chain03_retained0750","panel12","patient_6"
"common",1,12,1,0,0,0.00999999999999801,"comparator_chain03_retained0750","panel12","patient_6"
"original",12,12,9,0,0,0.0949999999999989,"comparator_chain03_retained0750","panel12","patient_16"
"common",1,12,1,0,0,0.0169999999999959,"comparator_chain03_retained0750","panel12","patient_16"
"original",12,12,9,0,0,0.0889999999999986,"comparator_chain03_retained0750","panel12","patient_20"
"common",1,12,1,0,0,0.0120000000000005,"comparator_chain03_retained0750","panel12","patient_20"
"original",12,12,9,0,0,0.0930000000000035,"comparator_chain03_retained0750","panel12","patient_55"
"common",1,12,1,0,0,0.0140000000000029,"comparator_chain03_retained0750","panel12","patient_55"
"original",12,12,9,0,0,0.0899999999999963,"comparator_chain03_retained0750","panel12","patient_71"
"common",1,12,1,0,0,0.0120000000000005,"comparator_chain03_retained0750","panel12","patient_71"
"original",12,12,9,0,0,0.0820000000000007,"comparator_chain03_retained0750","panel12","patient_74"
"common",1,12,1,0,0,0.0139999999999958,"comparator_chain03_retained0750","panel12","patient_74"
"original",12,12,9,0,0,0.0839999999999961,"comparator_chain03_retained0750","panel12","patient_88"
"common",1,12,1,0,0,0.0140000000000029,"comparator_chain03_retained0750","panel12","patient_88"
"original",12,12,9,0,0,0.0870000000000033,"comparator_chain03_retained0750","panel12","patient_105"
"common",1,12,1,0,0,0.0109999999999957,"comparator_chain03_retained0750","panel12","patient_105"
"original",12,12,9,0,0,0.0920000000000059,"comparator_chain03_retained0750","panel12","patient_111"
"common",1,12,1,0,0,0.0109999999999957,"comparator_chain03_retained0750","panel12","patient_111"
"original",12,12,9,0,0,0.0870000000000033,"comparator_chain03_retained0750","panel12","patient_117"
"common",1,12,1,0,0,0.0110000000000028,"comparator_chain03_retained0750","panel12","patient_117"
"original",12,12,9,0,0,0.0899999999999963,"comparator_chain03_retained0750","panel12","patient_122"
"common",1,12,1,0,0,0.0120000000000005,"comparator_chain03_retained0750","panel12","patient_122"
"original",115,115,110,0,0,1.396,"comparator_chain03_retained0750","grid115","reserve_001"
"common",1,115,1,0,0,0.0429999999999993,"comparator_chain03_retained0750","grid115","reserve_001"
"original",115,115,110,0,0,1.382,"comparator_chain03_retained0750","grid115","reserve_002"
"common",1,115,1,0,0,0.0839999999999961,"comparator_chain03_retained0750","grid115","reserve_002"
"original",115,115,110,0,0,1.394,"comparator_chain03_retained0750","grid115","reserve_003"
"common",1,115,1,0,0,0.0439999999999969,"comparator_chain03_retained0750","grid115","reserve_003"
"original",115,115,110,0,0,1.354,"comparator_chain03_retained0750","grid115","reserve_004"
"common",1,115,1,0,0,0.0820000000000007,"comparator_chain03_retained0750","grid115","reserve_004"
"original",115,115,110,0,0,1.347,"comparator_chain03_retained0750","grid115","patient_3"
"common",1,115,1,0,0,0.119999999999997,"comparator_chain03_retained0750","grid115","patient_3"
"original",115,115,110,0,0,1.448,"comparator_chain03_retained0750","grid115","patient_20"
"common",1,115,1,0,0,0.0439999999999969,"comparator_chain03_retained0750","grid115","patient_20"
"original",115,115,110,0,0,1.466,"comparator_chain03_retained0750","grid115","patient_74"
"common",1,115,1,0,0,0.0399999999999991,"comparator_chain03_retained0750","grid115","patient_74"
"original",115,115,110,0,0,1.478,"comparator_chain03_retained0750","grid115","patient_122"
"common",1,115,1,0,0,0.0429999999999993,"comparator_chain03_retained0750","grid115","patient_122"
