"reserve_id","finite_target_patients","useful_patients","sum_pairwise_acceptance","snapshot","useful_ode_patients"
"reserve_001",12,0,0.0173669320052896,"comparator_chain01_retained0750",0
"reserve_002",12,2,1.47598855739899,"comparator_chain01_retained0750",2
"reserve_003",12,0,0.000264746508261119,"comparator_chain01_retained0750",0
"reserve_004",12,0,0.0165888759603121,"comparator_chain01_retained0750",0
"reserve_005",12,0,7.44827359900791e-05,"comparator_chain01_retained0750",0
"reserve_006",12,1,0.307818885127414,"comparator_chain01_retained0750",0
"reserve_007",12,2,0.830008525049052,"comparator_chain01_retained0750",2
"reserve_008",12,0,0.188366021572752,"comparator_chain01_retained0750",0
"reserve_009",12,1,0.201095059137828,"comparator_chain01_retained0750",1
"reserve_010",12,3,1.43497714577315,"comparator_chain01_retained0750",1
"reserve_011",12,1,0.131370733960304,"comparator_chain01_retained0750",0
"reserve_012",12,1,0.153527929594647,"comparator_chain01_retained0750",1
"reserve_013",12,0,0.0804310687977369,"comparator_chain01_retained0750",0
"reserve_014",12,0,0.0167157899108504,"comparator_chain01_retained0750",0
"reserve_015",12,0,0.0217529818802432,"comparator_chain01_retained0750",0
"reserve_016",12,1,0.234914161856973,"comparator_chain01_retained0750",0
"reserve_017",12,0,0.0275651845772967,"comparator_chain01_retained0750",0
"reserve_018",12,0,0.0260309495551395,"comparator_chain01_retained0750",0
"reserve_019",12,1,0.207914850080693,"comparator_chain01_retained0750",0
"reserve_020",12,0,0.0585064709243311,"comparator_chain01_retained0750",0
"reserve_021",12,0,0.00156676332417364,"comparator_chain01_retained0750",0
"reserve_022",12,0,0.013808146020128,"comparator_chain01_retained0750",0
"reserve_023",12,0,0.0151938073801701,"comparator_chain01_retained0750",0
"reserve_024",12,1,0.526718213802955,"comparator_chain01_retained0750",1
"reserve_025",12,0,0.00406944770912769,"comparator_chain01_retained0750",0
"reserve_026",12,1,0.271496167179994,"comparator_chain01_retained0750",0
"reserve_027",12,1,0.404774026556275,"comparator_chain01_retained0750",0
"reserve_028",12,1,1.00023321820797,"comparator_chain01_retained0750",0
"reserve_029",12,0,0.0372656874031906,"comparator_chain01_retained0750",0
"reserve_030",12,0,0.00261007488401038,"comparator_chain01_retained0750",0
"reserve_031",12,0,0.0551631723834356,"comparator_chain01_retained0750",0
"reserve_032",12,0,0.0820500463290346,"comparator_chain01_retained0750",0
"reserve_033",12,0,0.068314494017145,"comparator_chain01_retained0750",0
"reserve_034",12,2,1.19985908373757,"comparator_chain01_retained0750",0
"reserve_035",12,1,0.193038910363876,"comparator_chain01_retained0750",0
"reserve_036",12,1,0.17432306590483,"comparator_chain01_retained0750",0
"reserve_037",12,3,1.05163788908258,"comparator_chain01_retained0750",2
"reserve_038",12,1,0.204661471321406,"comparator_chain01_retained0750",1
"reserve_039",12,0,0.00564754949389518,"comparator_chain01_retained0750",0
"reserve_040",12,0,0.137361726305068,"comparator_chain01_retained0750",0
"reserve_041",12,2,1.22378073078111,"comparator_chain01_retained0750",2
"reserve_042",12,0,0.00365201209315614,"comparator_chain01_retained0750",0
"reserve_043",12,0,0.028353906714181,"comparator_chain01_retained0750",0
"reserve_044",12,0,0.0583551442776096,"comparator_chain01_retained0750",0
"reserve_045",12,1,1.03518381697786,"comparator_chain01_retained0750",1
"reserve_046",12,0,0.00264492320474555,"comparator_chain01_retained0750",0
"reserve_047",12,1,0.198237224989025,"comparator_chain01_retained0750",1
"reserve_048",12,0,0.0149946211561247,"comparator_chain01_retained0750",0
"reserve_049",12,1,0.143364667058265,"comparator_chain01_retained0750",0
"reserve_050",12,1,0.895396824242297,"comparator_chain01_retained0750",0
"reserve_051",12,0,0.00722996726091915,"comparator_chain01_retained0750",0
"reserve_052",12,0,0.0360940928487557,"comparator_chain01_retained0750",0
"reserve_053",12,0,0.01357600220629,"comparator_chain01_retained0750",0
"reserve_054",12,0,8.25292688817366e-09,"comparator_chain01_retained0750",0
"reserve_055",12,2,0.889280211913994,"comparator_chain01_retained0750",2
"reserve_056",12,0,0.0739497013592599,"comparator_chain01_retained0750",0
"reserve_057",12,0,0.044272395154233,"comparator_chain01_retained0750",0
"reserve_058",12,0,0.0330558499710528,"comparator_chain01_retained0750",0
"reserve_059",12,0,2.09673009412912e-05,"comparator_chain01_retained0750",0
"reserve_060",12,0,0.0779503496953896,"comparator_chain01_retained0750",0
"reserve_061",12,2,1.18908269502262,"comparator_chain01_retained0750",0
"reserve_062",12,0,0.00233088860123768,"comparator_chain01_retained0750",0
"reserve_063",12,0,0.0898037673395416,"comparator_chain01_retained0750",0
"reserve_064",12,0,0.0518081466752732,"comparator_chain01_retained0750",0
"reserve_065",12,0,0.00507640802314649,"comparator_chain01_retained0750",0
"reserve_066",12,1,0.335681651473341,"comparator_chain01_retained0750",1
"reserve_067",12,1,0.155376225614686,"comparator_chain01_retained0750",0
"reserve_068",12,2,0.483899654560994,"comparator_chain01_retained0750",1
"reserve_069",12,1,0.226133442690788,"comparator_chain01_retained0750",1
"reserve_070",12,1,0.16414295528259,"comparator_chain01_retained0750",1
"reserve_071",12,1,0.27718748662691,"comparator_chain01_retained0750",0
"reserve_072",12,0,0.0184465395435414,"comparator_chain01_retained0750",0
"reserve_073",12,1,0.126348158787286,"comparator_chain01_retained0750",0
"reserve_074",12,0,0.0310446052014395,"comparator_chain01_retained0750",0
"reserve_075",12,0,0.00541576171081934,"comparator_chain01_retained0750",0
"reserve_076",12,0,0.0554637885567664,"comparator_chain01_retained0750",0
"reserve_077",12,1,0.152718525644173,"comparator_chain01_retained0750",0
"reserve_078",12,1,0.183174776038756,"comparator_chain01_retained0750",0
"reserve_079",12,1,0.17886490656083,"comparator_chain01_retained0750",1
"reserve_080",12,0,0.0118510737729184,"comparator_chain01_retained0750",0
"reserve_081",12,0,0.00090129775797183,"comparator_chain01_retained0750",0
"reserve_082",12,0,0.00019090639275418,"comparator_chain01_retained0750",0
"reserve_083",12,0,0.0277070790007071,"comparator_chain01_retained0750",0
"reserve_084",12,1,0.164693620326211,"comparator_chain01_retained0750",1
"reserve_085",12,1,1.00000088934871,"comparator_chain01_retained0750",0
"reserve_086",12,0,0.0606829411664754,"comparator_chain01_retained0750",0
"reserve_087",12,2,1.22261663051963,"comparator_chain01_retained0750",1
"reserve_088",12,0,0.00130297307908339,"comparator_chain01_retained0750",0
"reserve_089",12,0,2.95298154497928e-05,"comparator_chain01_retained0750",0
"reserve_090",12,0,0.0215955480522306,"comparator_chain01_retained0750",0
"reserve_091",12,0,0.0482289614366726,"comparator_chain01_retained0750",0
"reserve_092",12,0,0.00426933431140028,"comparator_chain01_retained0750",0
"reserve_093",12,0,0.0976029329054912,"comparator_chain01_retained0750",0
"reserve_094",12,1,0.296049415545421,"comparator_chain01_retained0750",1
"reserve_095",12,1,0.414260671202834,"comparator_chain01_retained0750",1
"reserve_096",12,1,0.219593779404168,"comparator_chain01_retained0750",0
"reserve_097",12,1,0.301701129462589,"comparator_chain01_retained0750",0
"reserve_098",12,2,0.732471669914261,"comparator_chain01_retained0750",0
"reserve_099",12,1,0.511560968997277,"comparator_chain01_retained0750",1
"reserve_100",12,0,0.101380830778227,"comparator_chain01_retained0750",0
"reserve_101",12,0,0.000351687504981944,"comparator_chain01_retained0750",0
"reserve_102",12,0,0.0129279059037847,"comparator_chain01_retained0750",0
"reserve_103",12,1,0.149772103531383,"comparator_chain01_retained0750",0
"reserve_104",12,1,1.06936720389097,"comparator_chain01_retained0750",1
"reserve_105",12,1,0.23642988499072,"comparator_chain01_retained0750",1
"reserve_106",12,1,0.300004256363277,"comparator_chain01_retained0750",0
"reserve_107",12,3,0.725946976484561,"comparator_chain01_retained0750",2
"reserve_108",0,0,0,"comparator_chain01_retained0750",0
"reserve_109",12,0,2.11564782833344e-05,"comparator_chain01_retained0750",0
"reserve_110",12,0,0.00469112139032054,"comparator_chain01_retained0750",0
"reserve_111",12,0,0.121926853566727,"comparator_chain01_retained0750",0
"reserve_112",12,2,1.40488096393467,"comparator_chain01_retained0750",2
"reserve_113",12,0,0.11789011125291,"comparator_chain01_retained0750",0
"reserve_114",12,1,1.09187342029188,"comparator_chain01_retained0750",1
"reserve_115",12,2,1.14595726114222,"comparator_chain01_retained0750",0
"reserve_116",12,0,0.00619912139369215,"comparator_chain01_retained0750",0
"reserve_117",12,2,0.725674384231173,"comparator_chain01_retained0750",0
"reserve_118",12,0,0.0609556545319089,"comparator_chain01_retained0750",0
"reserve_119",12,0,0.0189011664914482,"comparator_chain01_retained0750",0
"reserve_120",12,0,0.0537183927982339,"comparator_chain01_retained0750",0
"reserve_121",12,0,0.00283985004608762,"comparator_chain01_retained0750",0
"reserve_122",12,0,0.0330513113961082,"comparator_chain01_retained0750",0
"reserve_123",12,1,0.144756706413765,"comparator_chain01_retained0750",0
"reserve_124",12,1,0.784067561489062,"comparator_chain01_retained0750",0
"reserve_125",12,0,0.0314887316049735,"comparator_chain01_retained0750",0
"reserve_126",12,1,0.505889215912168,"comparator_chain01_retained0750",1
"reserve_127",12,0,0.000516773363848095,"comparator_chain01_retained0750",0
"reserve_128",12,2,1.28220710388425,"comparator_chain01_retained0750",2
"reserve_001",12,0,6.30490485267911e-07,"comparator_chain03_retained0750",0
"reserve_002",12,0,1.41125073155759e-16,"comparator_chain03_retained0750",0
"reserve_003",12,0,0.0104881613796782,"comparator_chain03_retained0750",0
"reserve_004",12,1,0.537488112562408,"comparator_chain03_retained0750",0
"reserve_005",12,0,0.0608205929522682,"comparator_chain03_retained0750",0
"reserve_006",12,0,0.00033606551001213,"comparator_chain03_retained0750",0
"reserve_007",12,0,0.0331433881422895,"comparator_chain03_retained0750",0
"reserve_008",12,4,2.56091701734865,"comparator_chain03_retained0750",3
"reserve_009",12,0,0.0133344336586068,"comparator_chain03_retained0750",0
"reserve_010",12,0,0.00450596103738556,"comparator_chain03_retained0750",0
"reserve_011",12,2,1.74859491069709,"comparator_chain03_retained0750",0
"reserve_012",12,0,9.87482240650148e-05,"comparator_chain03_retained0750",0
"reserve_013",12,2,0.25869313779709,"comparator_chain03_retained0750",1
"reserve_014",12,2,0.828043645858836,"comparator_chain03_retained0750",1
"reserve_015",12,2,1.14501347420807,"comparator_chain03_retained0750",1
"reserve_016",12,0,1.17204140836897e-06,"comparator_chain03_retained0750",0
"reserve_017",12,5,3.46316543900532,"comparator_chain03_retained0750",3
"reserve_018",12,2,1.4561284070009,"comparator_chain03_retained0750",0
"reserve_019",12,0,9.90600725731501e-14,"comparator_chain03_retained0750",0
"reserve_020",12,3,2.22087962496737,"comparator_chain03_retained0750",3
"reserve_021",12,1,0.717463172726623,"comparator_chain03_retained0750",0
"reserve_022",12,1,0.235969390703871,"comparator_chain03_retained0750",0
"reserve_023",12,0,0.0134239835738059,"comparator_chain03_retained0750",0
"reserve_024",12,3,2.1747614347001,"comparator_chain03_retained0750",3
"reserve_025",12,1,1.04115201310743,"comparator_chain03_retained0750",1
"reserve_026",12,3,2.02175466357187,"comparator_chain03_retained0750",1
"reserve_027",12,0,0.0414566418012139,"comparator_chain03_retained0750",0
"reserve_028",12,0,3.24916787067962e-05,"comparator_chain03_retained0750",0
"reserve_029",12,2,1.47594093252373,"comparator_chain03_retained0750",0
"reserve_030",12,2,0.706120674658066,"comparator_chain03_retained0750",1
"reserve_031",12,2,1.17502573219495,"comparator_chain03_retained0750",0
"reserve_032",12,4,2.48844505350777,"comparator_chain03_retained0750",3
"reserve_033",12,3,0.850483852579164,"comparator_chain03_retained0750",1
"reserve_034",12,0,7.67419470292388e-06,"comparator_chain03_retained0750",0
"reserve_035",12,3,2.80235319223846,"comparator_chain03_retained0750",1
"reserve_036",12,0,0.133213548204649,"comparator_chain03_retained0750",0
"reserve_037",12,2,1.06301490887236,"comparator_chain03_retained0750",2
"reserve_038",12,0,0.00029073258001874,"comparator_chain03_retained0750",0
"reserve_039",12,1,0.591413598764948,"comparator_chain03_retained0750",0
"reserve_040",12,0,0.000435746427911312,"comparator_chain03_retained0750",0
"reserve_041",12,2,0.548678076746189,"comparator_chain03_retained0750",1
"reserve_042",12,1,0.365908988470743,"comparator_chain03_retained0750",1
"reserve_043",12,2,1.32834806525157,"comparator_chain03_retained0750",0
"reserve_044",12,2,1.25317470673218,"comparator_chain03_retained0750",1
"reserve_045",12,1,0.555732900326224,"comparator_chain03_retained0750",1
"reserve_046",12,1,0.793677017008693,"comparator_chain03_retained0750",0
"reserve_047",12,2,0.523514960831489,"comparator_chain03_retained0750",1
"reserve_048",12,2,1.16259106522978,"comparator_chain03_retained0750",0
"reserve_049",12,0,0.00893169834397927,"comparator_chain03_retained0750",0
"reserve_050",12,0,0.054707713452146,"comparator_chain03_retained0750",0
"reserve_051",12,1,0.820622992259241,"comparator_chain03_retained0750",0
"reserve_052",12,2,1.96723402173857,"comparator_chain03_retained0750",0
"reserve_053",12,0,6.35804548467292e-09,"comparator_chain03_retained0750",0
"reserve_054",12,0,0.017288501001847,"comparator_chain03_retained0750",0
"reserve_055",12,2,0.355121814319907,"comparator_chain03_retained0750",2
"reserve_056",12,0,0.000182613172454074,"comparator_chain03_retained0750",0
"reserve_057",12,1,0.262219329638901,"comparator_chain03_retained0750",0
"reserve_058",12,1,0.942201956559669,"comparator_chain03_retained0750",1
"reserve_059",12,1,0.160077826430871,"comparator_chain03_retained0750",0
"reserve_060",12,2,1.10949028702172,"comparator_chain03_retained0750",0
"reserve_061",12,0,8.01196015766771e-05,"comparator_chain03_retained0750",0
"reserve_062",12,1,0.546876238974028,"comparator_chain03_retained0750",0
"reserve_063",12,2,1.39349322737629,"comparator_chain03_retained0750",0
"reserve_064",12,0,2.57741492570028e-07,"comparator_chain03_retained0750",0
"reserve_065",12,1,1.0202117398529,"comparator_chain03_retained0750",1
"reserve_066",12,0,1.90010397540713e-06,"comparator_chain03_retained0750",0
"reserve_067",12,0,2.21441147757403e-13,"comparator_chain03_retained0750",0
"reserve_068",12,0,1.14092445447493e-15,"comparator_chain03_retained0750",0
"reserve_069",12,0,1.06905581376864e-06,"comparator_chain03_retained0750",0
"reserve_070",12,4,1.26499657967234,"comparator_chain03_retained0750",3
"reserve_071",12,0,3.17213675233732e-05,"comparator_chain03_retained0750",0
"reserve_072",12,2,1.20140764492039,"comparator_chain03_retained0750",0
"reserve_073",12,4,1.42515540894625,"comparator_chain03_retained0750",2
"reserve_074",12,1,1.00603391154413,"comparator_chain03_retained0750",0
"reserve_075",12,0,0.000866878672611293,"comparator_chain03_retained0750",0
"reserve_076",12,2,0.86326271597154,"comparator_chain03_retained0750",2
"reserve_077",12,2,0.89653017556725,"comparator_chain03_retained0750",0
"reserve_078",12,2,1.31611606670944,"comparator_chain03_retained0750",1
"reserve_079",12,4,1.28617571484188,"comparator_chain03_retained0750",3
"reserve_080",12,1,0.269002144889251,"comparator_chain03_retained0750",0
"reserve_081",12,0,0.0524169760233619,"comparator_chain03_retained0750",0
"reserve_082",12,0,0.0543176687904127,"comparator_chain03_retained0750",0
"reserve_083",12,0,6.59130171665127e-05,"comparator_chain03_retained0750",0
"reserve_084",12,3,2.33643346065341,"comparator_chain03_retained0750",3
"reserve_085",12,0,3.0614409319441e-05,"comparator_chain03_retained0750",0
"reserve_086",12,0,7.26032084967651e-16,"comparator_chain03_retained0750",0
"reserve_087",12,1,0.1032228619297,"comparator_chain03_retained0750",0
"reserve_088",12,1,0.163645025660449,"comparator_chain03_retained0750",0
"reserve_089",12,1,0.284742340995736,"comparator_chain03_retained0750",0
"reserve_090",12,1,1.04071656000082,"comparator_chain03_retained0750",1
"reserve_091",12,2,1.46683475077986,"comparator_chain03_retained0750",0
"reserve_092",12,1,0.292976644898497,"comparator_chain03_retained0750",0
"reserve_093",12,0,1.43032512283006e-14,"comparator_chain03_retained0750",0
"reserve_094",12,0,1.31673042013364e-06,"comparator_chain03_retained0750",0
"reserve_095",12,0,6.701440979497e-07,"comparator_chain03_retained0750",0
"reserve_096",12,3,1.14418223650668,"comparator_chain03_retained0750",2
"reserve_097",12,2,2.03640827502548,"comparator_chain03_retained0750",0
"reserve_098",12,0,0.111329531822195,"comparator_chain03_retained0750",0
"reserve_099",12,0,0.000192338552984493,"comparator_chain03_retained0750",0
"reserve_100",12,1,0.258412102629105,"comparator_chain03_retained0750",0
"reserve_101",12,0,0.0263970791966227,"comparator_chain03_retained0750",0
"reserve_102",12,0,3.23164536829684e-06,"comparator_chain03_retained0750",0
"reserve_103",12,5,2.82242167287818,"comparator_chain03_retained0750",3
"reserve_104",12,0,0.0259065639308215,"comparator_chain03_retained0750",0
"reserve_105",12,2,1.41905426119551,"comparator_chain03_retained0750",1
"reserve_106",12,0,2.81097753502587e-10,"comparator_chain03_retained0750",0
"reserve_107",12,0,0.00397408478504279,"comparator_chain03_retained0750",0
"reserve_108",12,1,0.177365408580778,"comparator_chain03_retained0750",0
"reserve_109",12,0,0.00332197515171012,"comparator_chain03_retained0750",0
"reserve_110",12,2,0.875771422352577,"comparator_chain03_retained0750",0
"reserve_111",12,0,9.37516541920199e-07,"comparator_chain03_retained0750",0
"reserve_112",12,0,0.0330644061364393,"comparator_chain03_retained0750",0
"reserve_113",12,4,2.88959121818919,"comparator_chain03_retained0750",3
"reserve_114",12,0,0.000454003330698366,"comparator_chain03_retained0750",0
"reserve_115",12,0,0.00015248691149678,"comparator_chain03_retained0750",0
"reserve_116",12,0,0.000213128667148628,"comparator_chain03_retained0750",0
"reserve_117",12,3,1.25485775319305,"comparator_chain03_retained0750",1
"reserve_118",12,4,1.78035531681382,"comparator_chain03_retained0750",3
"reserve_119",12,0,1.90370760254986e-21,"comparator_chain03_retained0750",0
"reserve_120",12,0,0.139444945830824,"comparator_chain03_retained0750",0
"reserve_121",12,0,7.3087272908611e-06,"comparator_chain03_retained0750",0
"reserve_122",12,0,0.0276321148569113,"comparator_chain03_retained0750",0
"reserve_123",12,2,1.42581786008041,"comparator_chain03_retained0750",0
"reserve_124",12,0,2.31640863403732e-09,"comparator_chain03_retained0750",0
"reserve_125",12,2,0.357315833455025,"comparator_chain03_retained0750",1
"reserve_126",12,3,0.960956338383957,"comparator_chain03_retained0750",2
"reserve_127",12,0,0.115286611144993,"comparator_chain03_retained0750",0
"reserve_128",12,0,3.11136983821099e-17,"comparator_chain03_retained0750",0
