"endpoint_id","patient_id","quantity","split_rhat","mcmc_ess","relative_mcmc_ess","chain_mean_range","diagnostic_available","failure_code","failure_message"
"saem_component","3","forward_raw_weight_contribution",1,2000,1,0,TRUE,NA,NA
"saem_component","3","reverse_raw_weight_contribution",1.03991532844194,43.6313902253296,0.0109078475563324,1.11022302462516e-16,TRUE,NA,NA
"saem_component","3","reference_x/u_log_lambda",1.10153417642718,11.4070487785264,0.00570352438926321,0.0604862060917877,TRUE,NA,NA
"saem_component","3","candidate_x/u_log_lambda",1.01264580281722,110.867686837781,0.0277169217094451,0.0321817982237933,TRUE,NA,NA
"saem_component","3","reference_x/u_log_mu_t",1.38169123955011,4.21266437255152,0.00210633218627576,0.123774699943477,TRUE,NA,NA
"saem_component","3","candidate_x/u_log_mu_t",1.03810198224125,89.1468960356939,0.0222867240089235,0.433737443450927,TRUE,NA,NA
"saem_component","3","reference_x/u_log_mu_a",1.40395479206054,4.0717365489376,0.0020358682744688,0.0622013174354399,TRUE,NA,NA
"saem_component","3","candidate_x/u_log_mu_a",1.04793207180424,79.8686566836437,0.0199671641709109,0.0931728032164905,TRUE,NA,NA
"saem_component","3","reference_x/u_log_p",1.51455954378705,3.55638529277233,0.00177819264638617,0.681931522007632,TRUE,NA,NA
"saem_component","3","candidate_x/u_log_p",1.0156949276175,132.996774970566,0.0332491937426414,0.108693726875654,TRUE,NA,NA
"saem_component","3","reference_x/u_log_alpha_l",1.61216912886129,3.26048264802851,0.00163024132401425,0.0331005167545229,TRUE,NA,NA
"saem_component","3","candidate_x/u_log_alpha_l",1.03632477173604,56.9502478324491,0.0142375619581123,0.0993078248562913,TRUE,NA,NA
"saem_component","3","reference_x/u_pi",1.95969844379102,2.71225578020197,0.00135612789010098,0.261336046374519,TRUE,NA,NA
"saem_component","3","candidate_x/u_pi",1.03323781205441,91.3759311577435,0.0228439827894359,0.1147650417608,TRUE,NA,NA
"saem_component","3","reference_x/u_eta_rti",2.64777610208408,2.33975700407462,0.00116987850203731,1.20332229130242,TRUE,NA,NA
"saem_component","3","candidate_x/u_eta_rti",1.09635584682501,51.0328386771077,0.0127582096692769,2.02436388891696,TRUE,NA,NA
"saem_component","3","reference_x/u_eta_pi",1.37047111940194,4.29025931079954,0.00214512965539977,0.0120138525290976,TRUE,NA,NA
"saem_component","3","candidate_x/u_eta_pi",1.05191680677157,46.1202162005873,0.0115300540501468,0.0221004385846619,TRUE,NA,NA
"saem_component","3","reference_bridge_score",1,2000,1,0,TRUE,NA,NA
"saem_component","3","candidate_bridge_score",1,91.2887069675429,0.0228221767418857,0,TRUE,NA,NA
"saem_component","6","forward_raw_weight_contribution",1,100.402414486922,0.0502012072434608,0,TRUE,NA,NA
"saem_component","6","reverse_raw_weight_contribution",1.04726141591573,41.1702191987087,0.0102925547996772,1.11022302462516e-16,TRUE,NA,NA
"saem_component","6","reference_x/u_log_lambda",1.15015492266036,8.21922027978536,0.00410961013989268,0.0721593147268451,TRUE,NA,NA
"saem_component","6","candidate_x/u_log_lambda",1.02136031131613,99.9974001465347,0.0249993500366337,0.124884501824904,TRUE,NA,NA
"saem_component","6","reference_x/u_log_mu_t",1.38878495660626,4.16596509027778,0.00208298254513889,0.387100857456576,TRUE,NA,NA
"saem_component","6","candidate_x/u_log_mu_t",1.04241764896693,99.9604817396185,0.0249901204349046,0.563705622691778,TRUE,NA,NA
"saem_component","6","reference_x/u_log_mu_a",1.22917993813596,5.93255695288185,0.00296627847644093,0.0727542578364939,TRUE,NA,NA
"saem_component","6","candidate_x/u_log_mu_a",1.04565637340192,105.330695295382,0.0263326738238454,0.0952259552627994,TRUE,NA,NA
"saem_component","6","reference_x/u_log_p",1.8663463658867,2.81383208725553,0.00140691604362776,0.569326748681245,TRUE,NA,NA
"saem_component","6","candidate_x/u_log_p",1.04293914492411,131.810771255201,0.0329526928138002,0.183423433094222,TRUE,NA,NA
"saem_component","6","reference_x/u_log_alpha_l",1.26346337137421,5.36988472385125,0.00268494236192563,0.100718269949367,TRUE,NA,NA
"saem_component","6","candidate_x/u_log_alpha_l",1.06097943004498,35.9345354552156,0.0089836338638039,0.127943117236955,TRUE,NA,NA
"saem_component","6","reference_x/u_pi",1.57454869191717,3.36215797875644,0.00168107898937822,0.445134109341355,TRUE,NA,NA
"saem_component","6","candidate_x/u_pi",1.02933359201625,93.726836349452,0.023431709087363,0.145252769502091,TRUE,NA,NA
"saem_component","6","reference_x/u_eta_rti",1.43283344486503,3.91102883893875,0.00195551441946937,1.99796812156819,TRUE,NA,NA
"saem_component","6","candidate_x/u_eta_rti",1.0610812144625,35.8791280210341,0.00896978200525854,1.41884306821073,TRUE,NA,NA
"saem_component","6","reference_x/u_eta_pi",1.13735372462835,8.83878396355869,0.00441939198177935,0.0257202008264201,TRUE,NA,NA
"saem_component","6","candidate_x/u_eta_pi",1.09932135963471,39.3736301524495,0.00984340753811239,0.0349290526138688,TRUE,NA,NA
"saem_component","6","reference_bridge_score",1,100.402414486922,0.0502012072434608,0,TRUE,NA,NA
"saem_component","6","candidate_bridge_score",1.08714490466049,22.3648636095827,0.00559121590239568,1.11022302462516e-16,TRUE,NA,NA
"saem_component","16","forward_raw_weight_contribution",1,213.37154920148,0.10668577460074,0.004,TRUE,NA,NA
"saem_component","16","reverse_raw_weight_contribution",1.03557277641219,36.7253425904406,0.00918133564761016,0,TRUE,NA,NA
"saem_component","16","reference_x/u_log_lambda",1.02261992679516,97.3291308538645,0.0486645654269323,0.0901394979519119,TRUE,NA,NA
"saem_component","16","candidate_x/u_log_lambda",1.01122395068992,248.697435579154,0.0621743588947885,0.0565936633465489,TRUE,NA,NA
"saem_component","16","reference_x/u_log_mu_t",1.01146888665167,209.780481616943,0.104890240808472,0.0181531034201248,TRUE,NA,NA
"saem_component","16","candidate_x/u_log_mu_t",1.00913383440546,189.709734676977,0.0474274336692443,0.387118516196621,TRUE,NA,NA
"saem_component","16","reference_x/u_log_mu_a",1.00245376285016,177.932483659568,0.0889662418297839,0.0238465645538427,TRUE,NA,NA
"saem_component","16","candidate_x/u_log_mu_a",1.01093451511057,141.909476989889,0.0354773692474722,0.0223339934618425,TRUE,NA,NA
"saem_component","16","reference_x/u_log_p",1.00045544571375,277.167698546137,0.138583849273068,0.0443961542361828,TRUE,NA,NA
"saem_component","16","candidate_x/u_log_p",1.01792595608426,220.111157117838,0.0550277892794594,0.111855651301989,TRUE,NA,NA
"saem_component","16","reference_x/u_log_alpha_l",1.02177531237608,142.164088360662,0.0710820441803312,0.0904460630054036,TRUE,NA,NA
"saem_component","16","candidate_x/u_log_alpha_l",1.01777470762215,218.093644481838,0.0545234111204596,0.0554771644746932,TRUE,NA,NA
"saem_component","16","reference_x/u_pi",1.01987394855771,148.452448428508,0.0742262242142541,0.202170743964961,TRUE,NA,NA
"saem_component","16","candidate_x/u_pi",1.02538102536708,235.357611470758,0.0588394028676896,0.230956557902771,TRUE,NA,NA
"saem_component","16","reference_x/u_eta_rti",1,193.689375635691,0.0968446878178454,0.17204008776735,TRUE,NA,NA
"saem_component","16","candidate_x/u_eta_rti",1.0419199700743,184.713013385593,0.0461782533463982,1.26659513358614,TRUE,NA,NA
"saem_component","16","reference_x/u_eta_pi",1.00046573499652,184.398175080111,0.0921990875400554,0.00314932049842209,TRUE,NA,NA
"saem_component","16","candidate_x/u_eta_pi",1.02105796424979,164.335117385865,0.0410837793464662,0.025813309299628,TRUE,NA,NA
"saem_component","16","reference_bridge_score",1,213.37154920148,0.10668577460074,0.004,TRUE,NA,NA
"saem_component","16","candidate_bridge_score",1,125.560990877177,0.0313902477192943,0,TRUE,NA,NA
"saem_component","20","forward_raw_weight_contribution",1.00166863427251,194.719152244462,0.0973595761222309,0.002,TRUE,NA,NA
"saem_component","20","reverse_raw_weight_contribution",1,93.6615693645769,0.0234153923411442,0,TRUE,NA,NA
"saem_component","20","reference_x/u_log_lambda",1.00524859280301,200.175409780838,0.100087704890419,0.0310230159841276,TRUE,NA,NA
"saem_component","20","candidate_x/u_log_lambda",1.00096058729911,530.23136225536,0.13255784056384,0.0332846251154311,TRUE,NA,NA
"saem_component","20","reference_x/u_log_mu_t",1.02232904993522,205.010700235275,0.102505350117637,0.274060619396133,TRUE,NA,NA
"saem_component","20","candidate_x/u_log_mu_t",1.01047286846827,359.166214181228,0.0897915535453071,0.305200628591255,TRUE,NA,NA
"saem_component","20","reference_x/u_log_mu_a",1.00259102424249,231.065608361697,0.115532804180849,0.0313165463753398,TRUE,NA,NA
"saem_component","20","candidate_x/u_log_mu_a",1.00872896180719,341.374868367991,0.0853437170919977,0.0667768249325202,TRUE,NA,NA
"saem_component","20","reference_x/u_log_p",1,248.369412798136,0.124184706399068,0.025480605979749,TRUE,NA,NA
"saem_component","20","candidate_x/u_log_p",1.00444147914563,406.985996474155,0.101746499118539,0.0428132801289101,TRUE,NA,NA
"saem_component","20","reference_x/u_log_alpha_l",1.00546967248953,187.493842204787,0.0937469211023935,0.0355688592021846,TRUE,NA,NA
"saem_component","20","candidate_x/u_log_alpha_l",1.00233438523356,358.49141684888,0.0896228542122201,0.0307628939845976,TRUE,NA,NA
"saem_component","20","reference_x/u_pi",1.00147553410181,208.900364922833,0.104450182461416,0.0471018629941804,TRUE,NA,NA
"saem_component","20","candidate_x/u_pi",1.0073398919965,397.847842860942,0.0994619607152356,0.0444781196874606,TRUE,NA,NA
"saem_component","20","reference_x/u_eta_rti",1.00868896846623,134.664850767189,0.0673324253835945,0.163876774893698,TRUE,NA,NA
"saem_component","20","candidate_x/u_eta_rti",1.0027739230352,313.693535114493,0.0784233837786232,0.366893321282184,TRUE,NA,NA
"saem_component","20","reference_x/u_eta_pi",1.00025997347203,246.150975142593,0.123075487571297,0.0106417086419182,TRUE,NA,NA
"saem_component","20","candidate_x/u_eta_pi",1.00939025002916,339.794098010135,0.0849485245025338,0.00273222538565943,TRUE,NA,NA
"saem_component","20","reference_bridge_score",1.00166863427251,194.719152244462,0.0973595761222309,0.002,TRUE,NA,NA
"saem_component","20","candidate_bridge_score",1,86.9833977965191,0.0217458494491298,0,TRUE,NA,NA
"saem_component","55","forward_raw_weight_contribution",1.16047714228407,7.60825957233751,0.00380412978616875,1.11022302462516e-16,TRUE,NA,NA
"saem_component","55","reverse_raw_weight_contribution",1.0772962421516,24.2106053692949,0.00605265134232372,0,TRUE,NA,NA
"saem_component","55","reference_x/u_log_lambda",1.48062017189928,3.6885861977495,0.00184429309887475,0.036672220895853,TRUE,NA,NA
"saem_component","55","candidate_x/u_log_lambda",1.11640370110106,20.2974376797511,0.00507435941993776,0.115047618007366,TRUE,NA,NA
"saem_component","55","reference_x/u_log_mu_t",1.35506825248541,4.404944568635,0.0022024722843175,0.44081056093213,TRUE,NA,NA
"saem_component","55","candidate_x/u_log_mu_t",1.06785356754022,59.9783580666172,0.0149945895166543,0.730292949311031,TRUE,NA,NA
"saem_component","55","reference_x/u_log_mu_a",1.07322853423738,16.0565230162794,0.00802826150813968,0.0564683743707399,TRUE,NA,NA
"saem_component","55","candidate_x/u_log_mu_a",1.07283761575041,30.5847016685724,0.00764617541714309,0.12602782683841,TRUE,NA,NA
"saem_component","55","reference_x/u_log_p",1.18422672607099,6.99127127677055,0.00349563563838528,0.100103685555968,TRUE,NA,NA
"saem_component","55","candidate_x/u_log_p",1.08127293076079,27.7298939237888,0.00693247348094721,0.256672002630215,TRUE,NA,NA
"saem_component","55","reference_x/u_log_alpha_l",1.14931726098369,8.25661813170397,0.00412830906585199,0.00901900121842658,TRUE,NA,NA
"saem_component","55","candidate_x/u_log_alpha_l",1.05297931632887,64.6218405637307,0.0161554601409327,0.0855967475966235,TRUE,NA,NA
"saem_component","55","reference_x/u_pi",1.05837854792183,17.961473056713,0.00898073652835652,0.220539591007905,TRUE,NA,NA
"saem_component","55","candidate_x/u_pi",1.09673306527045,23.7932675794275,0.00594831689485687,0.268940446841385,TRUE,NA,NA
"saem_component","55","reference_x/u_eta_rti",1.14174405260649,8.61389511602141,0.00430694755801071,0.705741662625538,TRUE,NA,NA
"saem_component","55","candidate_x/u_eta_rti",1.20761474438023,12.7655016414164,0.00319137541035409,2.06456593658526,TRUE,NA,NA
"saem_component","55","reference_x/u_eta_pi",1.03719230052528,17.2000424663648,0.0086000212331824,0.008539815721055,TRUE,NA,NA
"saem_component","55","candidate_x/u_eta_pi",1.07788400050263,28.8027592672207,0.00720068981680518,0.0365001487942926,TRUE,NA,NA
"saem_component","55","reference_bridge_score",1,2000,1,0,TRUE,NA,NA
"saem_component","55","candidate_bridge_score",1.03629948790506,38.5666018911875,0.00964165047279686,0,TRUE,NA,NA
"saem_component","71","forward_raw_weight_contribution",1.00720079593986,257.829937690635,0.128914968845317,0.0439999999999999,TRUE,NA,NA
"saem_component","71","reverse_raw_weight_contribution",1.06284754397233,26.5355836917249,0.00663389592293123,1.11022302462516e-16,TRUE,NA,NA
"saem_component","71","reference_x/u_log_lambda",1.00194667273416,236.388192628985,0.118194096314493,0.00612269571356272,TRUE,NA,NA
"saem_component","71","candidate_x/u_log_lambda",1.00256297668602,475.604350272488,0.118901087568122,0.0279388782275829,TRUE,NA,NA
"saem_component","71","reference_x/u_log_mu_t",1,256.795686422626,0.128397843211313,0.0127065112111602,TRUE,NA,NA
"saem_component","71","candidate_x/u_log_mu_t",1.01170180362675,302.068804921537,0.0755172012303842,0.261418279400037,TRUE,NA,NA
"saem_component","71","reference_x/u_log_mu_a",1.00954936927292,259.732872775351,0.129866436387676,0.0643353256360641,TRUE,NA,NA
"saem_component","71","candidate_x/u_log_mu_a",1.02011660741548,281.820328054403,0.0704550820136007,0.0894601188323696,TRUE,NA,NA
"saem_component","71","reference_x/u_log_p",1.03075240100754,156.086345644382,0.0780431728221909,0.106040538574428,TRUE,NA,NA
"saem_component","71","candidate_x/u_log_p",1.00470834227687,407.158237794827,0.101789559448707,0.0533532832062162,TRUE,NA,NA
"saem_component","71","reference_x/u_log_alpha_l",1.0033018029942,302.640669017813,0.151320334508906,0.050608844119937,TRUE,NA,NA
"saem_component","71","candidate_x/u_log_alpha_l",1.01287113615888,365.113798547337,0.0912784496368343,0.0489442506147846,TRUE,NA,NA
"saem_component","71","reference_x/u_pi",1.02403966202537,175.186301328411,0.0875931506642054,0.0983505396645278,TRUE,NA,NA
"saem_component","71","candidate_x/u_pi",1.00549393716708,460.272765779654,0.115068191444913,0.111671229117309,TRUE,NA,NA
"saem_component","71","reference_x/u_eta_rti",1.00589277617807,244.9125978755,0.12245629893775,1.02298153026586,TRUE,NA,NA
"saem_component","71","candidate_x/u_eta_rti",1.01333930724635,359.529964246465,0.0898824910616162,0.903033774934119,TRUE,NA,NA
"saem_component","71","reference_x/u_eta_pi",1.00806851780503,271.170579522126,0.135585289761063,0.0488986525138468,TRUE,NA,NA
"saem_component","71","candidate_x/u_eta_pi",1.00920459667505,324.340462151581,0.0810851155378953,0.00585449659056181,TRUE,NA,NA
"saem_component","71","reference_bridge_score",1.00720079593986,257.829937690635,0.128914968845317,0.044,TRUE,NA,NA
"saem_component","71","candidate_bridge_score",1.03888017252555,33.7491707720116,0.00843729269300291,1.11022302462516e-16,TRUE,NA,NA
"saem_component","74","forward_raw_weight_contribution",1.18271011361678,6.96866212637294,0.00348433106318647,1.11022302462516e-16,TRUE,NA,NA
"saem_component","74","reverse_raw_weight_contribution",1.05023155752752,36.4308894070577,0.00910772235176442,1.11022302462516e-16,TRUE,NA,NA
"saem_component","74","reference_x/u_log_lambda",1.13179926171252,10.6685500212975,0.00533427501064874,0.0965659864913322,TRUE,NA,NA
"saem_component","74","candidate_x/u_log_lambda",1.02861848298282,92.0797495474991,0.0230199373868748,0.120376136511711,TRUE,NA,NA
"saem_component","74","reference_x/u_log_mu_t",1.19069274989035,6.80794029766109,0.00340397014883055,0.989669438585883,TRUE,NA,NA
"saem_component","74","candidate_x/u_log_mu_t",1.06191275106451,50.1101275971629,0.0125275318992907,0.167924184457457,TRUE,NA,NA
"saem_component","74","reference_x/u_log_mu_a",1.13257801547022,14.4309022525706,0.00721545112628531,0.062274603267658,TRUE,NA,NA
"saem_component","74","candidate_x/u_log_mu_a",1.07198911006401,30.9084233993511,0.00772710584983777,0.0990534040454618,TRUE,NA,NA
"saem_component","74","reference_x/u_log_p",1.14993286539366,8.22920289585819,0.0041146014479291,0.00655849788287455,TRUE,NA,NA
"saem_component","74","candidate_x/u_log_p",1.01765271039188,121.840788681781,0.0304601971704452,0.125885909004541,TRUE,NA,NA
"saem_component","74","reference_x/u_log_alpha_l",1.39350801667756,4.13585492316236,0.00206792746158118,0.173242601643999,TRUE,NA,NA
"saem_component","74","candidate_x/u_log_alpha_l",1.01978006926234,88.6666831062353,0.0221666707765588,0.04512258310322,TRUE,NA,NA
"saem_component","74","reference_x/u_pi",1.08162178916148,19.2601636677372,0.00963008183386859,0.0220067162552842,TRUE,NA,NA
"saem_component","74","candidate_x/u_pi",1.02113210289635,153.499914175982,0.0383749785439955,0.118041556362121,TRUE,NA,NA
"saem_component","74","reference_x/u_eta_rti",1.3195629175125,4.71228106676965,0.00235614053338483,2.59288053233836,TRUE,NA,NA
"saem_component","74","candidate_x/u_eta_rti",1.05817204896241,52.4644199618216,0.0131161049904554,1.42942637705663,TRUE,NA,NA
"saem_component","74","reference_x/u_eta_pi",1.4806629035224,3.68840758096498,0.00184420379048249,0.00976760027513279,TRUE,NA,NA
"saem_component","74","candidate_x/u_eta_pi",1.05724430676098,85.8192373424431,0.0214548093356108,0.0357857732839504,TRUE,NA,NA
"saem_component","74","reference_bridge_score",1.52599694189296,3.29675503243049,0.00164837751621524,0,TRUE,NA,NA
"saem_component","74","candidate_bridge_score",1.05206138204063,31.9572080476119,0.00798930201190297,1.11022302462516e-16,TRUE,NA,NA
"saem_component","88","forward_raw_weight_contribution",1.04152505025864,72.7450022981905,0.0363725011490953,0.033,TRUE,NA,NA
"saem_component","88","reverse_raw_weight_contribution",1.07816615022325,22.5637979860303,0.00564094949650758,0,TRUE,NA,NA
"saem_component","88","reference_x/u_log_lambda",1.00061604128534,119.119867117922,0.059559933558961,0.0167972881937115,TRUE,NA,NA
"saem_component","88","candidate_x/u_log_lambda",1.05710868120224,97.5501156724921,0.024387528918123,0.18042314787904,TRUE,NA,NA
"saem_component","88","reference_x/u_log_mu_t",1.00580940786505,150.995587855406,0.0754977939277029,0.12718111367857,TRUE,NA,NA
"saem_component","88","candidate_x/u_log_mu_t",1.05289711440081,114.146142482216,0.028536535620554,0.612106459615976,TRUE,NA,NA
"saem_component","88","reference_x/u_log_mu_a",1.02796748089057,71.3609104377538,0.0356804552188769,0.0381901930655369,TRUE,NA,NA
"saem_component","88","candidate_x/u_log_mu_a",1.06849455423895,57.9283623849293,0.0144820905962323,0.133045948677226,TRUE,NA,NA
"saem_component","88","reference_x/u_log_p",1.03251761949778,85.5021581599812,0.0427510790799906,0.0632776205617782,TRUE,NA,NA
"saem_component","88","candidate_x/u_log_p",1.05283952121296,83.076569687752,0.020769142421938,0.287888628217457,TRUE,NA,NA
"saem_component","88","reference_x/u_log_alpha_l",1.00507928767787,58.3164424455104,0.0291582212227552,0.152614161331849,TRUE,NA,NA
"saem_component","88","candidate_x/u_log_alpha_l",1.07310552201123,30.4834188201946,0.00762085470504865,0.0719306280862479,TRUE,NA,NA
"saem_component","88","reference_x/u_pi",1.00563767433719,102.311160541293,0.0511555802706464,0.0609373905729171,TRUE,NA,NA
"saem_component","88","candidate_x/u_pi",1.05366447523769,91.5836397816298,0.0228959099454075,0.292969719949869,TRUE,NA,NA
"saem_component","88","reference_x/u_eta_rti",1.03441561921822,73.2442964923912,0.0366221482461956,0.785860152069493,TRUE,NA,NA
"saem_component","88","candidate_x/u_eta_rti",1.04720237608627,101.906061425694,0.0254765153564234,0.682532884299572,TRUE,NA,NA
"saem_component","88","reference_x/u_eta_pi",1.02240658897961,77.7248842388991,0.0388624421194495,0.0516862970580565,TRUE,NA,NA
"saem_component","88","candidate_x/u_eta_pi",1.01795893850899,101.010211699615,0.0252525529249037,0.00188821956046148,TRUE,NA,NA
"saem_component","88","reference_bridge_score",1.04152505025864,72.7450022981905,0.0363725011490953,0.033,TRUE,NA,NA
"saem_component","88","candidate_bridge_score",1.0432673385767,31.9313420290747,0.00798283550726867,0,TRUE,NA,NA
"saem_component","105","forward_raw_weight_contribution",1.02232389039156,80.8216381069632,0.0404108190534816,0.019,TRUE,NA,NA
"saem_component","105","reverse_raw_weight_contribution",1.06922123663633,27.0563194843266,0.00676407987108165,1.11022302462516e-16,TRUE,NA,NA
"saem_component","105","reference_x/u_log_lambda",1.04249028253816,22.1151676285601,0.0110575838142801,0.0368426185020629,TRUE,NA,NA
"saem_component","105","candidate_x/u_log_lambda",1.06780499649856,32.6260470289632,0.00815651175724081,0.165749521282805,TRUE,NA,NA
"saem_component","105","reference_x/u_log_mu_t",1.14790899522063,8.32016908004744,0.00416008454002372,0.235113800404676,TRUE,NA,NA
"saem_component","105","candidate_x/u_log_mu_t",1.1269248287507,18.8735312847029,0.00471838282117572,0.727136592071357,TRUE,NA,NA
"saem_component","105","reference_x/u_log_mu_a",1.02036374357882,58.7699790510071,0.0293849895255036,0.0561857060417327,TRUE,NA,NA
"saem_component","105","candidate_x/u_log_mu_a",1.12429821264135,19.2062808931432,0.0048015702232858,0.197320676599977,TRUE,NA,NA
"saem_component","105","reference_x/u_log_p",1.05380480641953,20.1583523878681,0.0100791761939341,0.0064016068767927,TRUE,NA,NA
"saem_component","105","candidate_x/u_log_p",1.06568549213195,33.5798589708331,0.00839496474270828,0.132152648524739,TRUE,NA,NA
"saem_component","105","reference_x/u_log_alpha_l",1.20802774508703,6.37320644964907,0.00318660322482454,0.3095573232356,TRUE,NA,NA
"saem_component","105","candidate_x/u_log_alpha_l",1.06452310107947,46.7123986873616,0.0116780996718404,0.0981716359098233,TRUE,NA,NA
"saem_component","105","reference_x/u_pi",1.03720049807954,28.6286075472989,0.0143143037736495,0.0389286317873314,TRUE,NA,NA
"saem_component","105","candidate_x/u_pi",1.08458683194534,26.7644673377142,0.00669111683442855,0.453247524687634,TRUE,NA,NA
"saem_component","105","reference_x/u_eta_rti",1.02267419339804,71.3688951605917,0.0356844475802959,0.301979730576777,TRUE,NA,NA
"saem_component","105","candidate_x/u_eta_rti",1.11014677677737,21.273369463801,0.00531834236595024,1.52917860475797,TRUE,NA,NA
"saem_component","105","reference_x/u_eta_pi",1.09309462538794,12.3007371101284,0.00615036855506421,0.0569832709841798,TRUE,NA,NA
"saem_component","105","candidate_x/u_eta_pi",1.1065390656433,21.8884056025886,0.00547210140064715,0.0412292412009405,TRUE,NA,NA
"saem_component","105","reference_bridge_score",1.02232389039156,80.8216381069632,0.0404108190534816,0.019,TRUE,NA,NA
"saem_component","105","candidate_bridge_score",1.06922123663633,27.0563194843266,0.00676407987108165,1.11022302462516e-16,TRUE,NA,NA
"saem_component","111","forward_raw_weight_contribution",1.011233223683,92.1450138336086,0.0460725069168043,0.015,TRUE,NA,NA
"saem_component","111","reverse_raw_weight_contribution",1.0779031520756,23.1023657167177,0.00577559142917943,1.11022302462516e-16,TRUE,NA,NA
"saem_component","111","reference_x/u_log_lambda",1.01554040640212,120.825618884538,0.0604128094422688,0.0523758495833648,TRUE,NA,NA
"saem_component","111","candidate_x/u_log_lambda",1.02353543177349,155.069840648767,0.0387674601621916,0.0866505914370954,TRUE,NA,NA
"saem_component","111","reference_x/u_log_mu_t",1.03408755465112,39.9940793559987,0.0199970396779993,0.124924279087065,TRUE,NA,NA
"saem_component","111","candidate_x/u_log_mu_t",1.0163399447564,184.615411089645,0.0461538527724112,0.235820217565695,TRUE,NA,NA
"saem_component","111","reference_x/u_log_mu_a",1.0043096538956,99.9648264123165,0.0499824132061583,0.0352470877207047,TRUE,NA,NA
"saem_component","111","candidate_x/u_log_mu_a",1.00283860479449,233.583772425776,0.0583959431064439,0.0185052749711405,TRUE,NA,NA
"saem_component","111","reference_x/u_log_p",1.00829391975459,83.4537337994568,0.0417268668997284,0.0987769055534971,TRUE,NA,NA
"saem_component","111","candidate_x/u_log_p",1.01929293852183,144.716822201412,0.0361792055503529,0.0553631424431789,TRUE,NA,NA
"saem_component","111","reference_x/u_log_alpha_l",1.02033612317173,107.524852506111,0.0537624262530557,0.0392435269224816,TRUE,NA,NA
"saem_component","111","candidate_x/u_log_alpha_l",1.0387521679171,135.408003612601,0.0338520009031503,0.0729268623426265,TRUE,NA,NA
"saem_component","111","reference_x/u_pi",1.00143889821416,79.64464520528,0.03982232260264,0.0162214160692346,TRUE,NA,NA
"saem_component","111","candidate_x/u_pi",1.02925985615523,106.477908457212,0.0266194771143031,0.201250927717103,TRUE,NA,NA
"saem_component","111","reference_x/u_eta_rti",1.02339650784388,107.864988849807,0.0539324944249033,0.818467769964428,TRUE,NA,NA
"saem_component","111","candidate_x/u_eta_rti",1.03031308104999,150.993004766252,0.0377482511915631,1.16842893983093,TRUE,NA,NA
"saem_component","111","reference_x/u_eta_pi",1.00616779443404,130.765529862304,0.065382764931152,0.0247105545625694,TRUE,NA,NA
"saem_component","111","candidate_x/u_eta_pi",1.0208406882347,117.441699718266,0.0293604249295664,0.0119715094276573,TRUE,NA,NA
"saem_component","111","reference_bridge_score",1.011233223683,92.1450138336086,0.0460725069168043,0.015,TRUE,NA,NA
"saem_component","111","candidate_bridge_score",1.04468512615855,32.2621301985,0.00806553254962501,0,TRUE,NA,NA
"saem_component","117","forward_raw_weight_contribution",1.00624953762091,223.329238604235,0.111664619302117,0.051,TRUE,NA,NA
"saem_component","117","reverse_raw_weight_contribution",1.02056188312675,65.1629904888519,0.016290747622213,0,TRUE,NA,NA
"saem_component","117","reference_x/u_log_lambda",1.01457435098617,90.7678908157022,0.0453839454078511,0.0936760995254879,TRUE,NA,NA
"saem_component","117","candidate_x/u_log_lambda",1.03341056573185,153.990578392037,0.0384976445980093,0.168880043444368,TRUE,NA,NA
"saem_component","117","reference_x/u_log_mu_t",1.01045400569149,123.724721734404,0.0618623608672021,0.204684545337258,TRUE,NA,NA
"saem_component","117","candidate_x/u_log_mu_t",1.02203124364731,197.992953433053,0.0494982383582633,0.381718549749493,TRUE,NA,NA
"saem_component","117","reference_x/u_log_mu_a",1.01169759158995,201.688623911771,0.100844311955885,0.119136164431625,TRUE,NA,NA
"saem_component","117","candidate_x/u_log_mu_a",1.00977451047865,249.461618267617,0.0623654045669043,0.0339284652985028,TRUE,NA,NA
"saem_component","117","reference_x/u_log_p",1.00947725016362,210.146008361427,0.105073004180713,0.0220742614952298,TRUE,NA,NA
"saem_component","117","candidate_x/u_log_p",1.02485003471514,187.808644758988,0.046952161189747,0.193871291017681,TRUE,NA,NA
"saem_component","117","reference_x/u_log_alpha_l",1.00576302903771,237.876787585216,0.118938393792608,0.120115242880408,TRUE,NA,NA
"saem_component","117","candidate_x/u_log_alpha_l",1.00809710088372,257.776041627831,0.0644440104069577,0.0274772368269947,TRUE,NA,NA
"saem_component","117","reference_x/u_pi",1.005618827917,179.574387584007,0.0897871937920036,0.0103578598023205,TRUE,NA,NA
"saem_component","117","candidate_x/u_pi",1.01557095445988,147.531448516019,0.0368828621290047,0.2675070994613,TRUE,NA,NA
"saem_component","117","reference_x/u_eta_rti",1.00696801422603,231.246278847837,0.115623139423919,1.0485739292991,TRUE,NA,NA
"saem_component","117","candidate_x/u_eta_rti",1.03089338437158,166.63290865528,0.0416582271638199,0.709717422148788,TRUE,NA,NA
"saem_component","117","reference_x/u_eta_pi",1.00675057763473,200.667259789617,0.100333629894809,0.0635238184823486,TRUE,NA,NA
"saem_component","117","candidate_x/u_eta_pi",1.00520836279949,212.214558173947,0.0530536395434867,0.0107314725596388,TRUE,NA,NA
"saem_component","117","reference_bridge_score",1.00624953762091,223.329238604235,0.111664619302117,0.051,TRUE,NA,NA
"saem_component","117","candidate_bridge_score",1.02208265535399,60.9705857438672,0.0152426464359668,0,TRUE,NA,NA
"saem_component","122","forward_raw_weight_contribution",1.24293670026549,12.4470235493107,0.00622351177465536,0.177,TRUE,NA,NA
"saem_component","122","reverse_raw_weight_contribution",1.07727473966265,26.2846743347258,0.00657116858368145,0,TRUE,NA,NA
"saem_component","122","reference_x/u_log_lambda",1.94663683850984,2.72517150534493,0.00136258575267246,0.3458918892247,TRUE,NA,NA
"saem_component","122","candidate_x/u_log_lambda",1.01530763212724,260.60028058736,0.0651500701468401,0.0453844881320811,TRUE,NA,NA
"saem_component","122","reference_x/u_log_mu_t",1.51333792414484,3.56081808174156,0.00178040904087078,0.561284202882396,TRUE,NA,NA
"saem_component","122","candidate_x/u_log_mu_t",1.00465835162542,135.164340492479,0.0337910851231198,0.270655633456157,TRUE,NA,NA
"saem_component","122","reference_x/u_log_mu_a",1.18998233587134,14.6545682385434,0.00732728411927168,0.0374553556016061,TRUE,NA,NA
"saem_component","122","candidate_x/u_log_mu_a",1.02424642216315,104.527613909821,0.0261319034774552,0.12482842266742,TRUE,NA,NA
"saem_component","122","reference_x/u_log_p",1.36711480951485,4.31442817922968,0.00215721408961484,0.199638626522402,TRUE,NA,NA
"saem_component","122","candidate_x/u_log_p",1.03153072241457,127.321713233518,0.0318304283083795,0.110907206319174,TRUE,NA,NA
"saem_component","122","reference_x/u_log_alpha_l",1.29236925725938,4.99910346700035,0.00249955173350018,0.291963241674953,TRUE,NA,NA
"saem_component","122","candidate_x/u_log_alpha_l",1.03854689575438,104.083932774211,0.0260209831935527,0.045675314129662,TRUE,NA,NA
"saem_component","122","reference_x/u_pi",1.49121255947225,3.64529582746447,0.00182264791373223,0.581464037592945,TRUE,NA,NA
"saem_component","122","candidate_x/u_pi",1.04013041903308,89.0928305967904,0.0222732076491976,0.309299659638823,TRUE,NA,NA
"saem_component","122","reference_x/u_eta_rti",1.30260449438023,4.88499607038181,0.00244249803519091,1.40843709116957,TRUE,NA,NA
"saem_component","122","candidate_x/u_eta_rti",1.08908985495477,25.5684981175006,0.00639212452937516,0.96321704443195,TRUE,NA,NA
"saem_component","122","reference_x/u_eta_pi",1.21523263042765,12.8025612725424,0.0064012806362712,0.351434962265354,TRUE,NA,NA
"saem_component","122","candidate_x/u_eta_pi",1.0617994315533,41.9363207549378,0.0104840801887344,0.0375343207119312,TRUE,NA,NA
"saem_component","122","reference_bridge_score",1.24293670026549,12.4470235493107,0.00622351177465536,0.177,TRUE,NA,NA
"saem_component","122","candidate_bridge_score",1.10996007689293,18.3189703595848,0.00457974258989621,0,TRUE,NA,NA
"priorcentral_component","3","forward_raw_weight_contribution",2.2227447130532,2.51507910135998,0.00125753955067999,0.399,TRUE,NA,NA
"priorcentral_component","3","reverse_raw_weight_contribution",1.00027489751422,3846.13301062974,0.961533252657436,4.27579083250862e-11,TRUE,NA,NA
"priorcentral_component","3","reference_x/u_log_lambda",1.10153417642718,11.4070487785264,0.00570352438926321,0.0604862060917877,TRUE,NA,NA
"priorcentral_component","3","candidate_x/u_log_lambda",1.07607536037348,29.4142537516233,0.00735356343790583,0.0347905840844254,TRUE,NA,NA
"priorcentral_component","3","reference_x/u_log_mu_t",1.38169123955011,4.21266437255152,0.00210633218627576,0.123774699943477,TRUE,NA,NA
"priorcentral_component","3","candidate_x/u_log_mu_t",1.03700220432914,94.0311179460977,0.0235077794865244,0.0419763729676772,TRUE,NA,NA
"priorcentral_component","3","reference_x/u_log_mu_a",1.40395479206054,4.0717365489376,0.0020358682744688,0.0622013174354399,TRUE,NA,NA
"priorcentral_component","3","candidate_x/u_log_mu_a",1.10719480038759,21.7732771148842,0.00544331927872104,0.101582527858947,TRUE,NA,NA
"priorcentral_component","3","reference_x/u_log_p",1.51455954378705,3.55638529277233,0.00177819264638617,0.681931522007632,TRUE,NA,NA
"priorcentral_component","3","candidate_x/u_log_p",1.19911727445602,13.174380137503,0.00329359503437575,0.265287646073022,TRUE,NA,NA
"priorcentral_component","3","reference_x/u_log_alpha_l",1.61216912886129,3.26048264802851,0.00163024132401425,0.0331005167545229,TRUE,NA,NA
"priorcentral_component","3","candidate_x/u_log_alpha_l",1.08464818135843,26.7476107239315,0.00668690268098287,0.254769534677099,TRUE,NA,NA
"priorcentral_component","3","reference_x/u_pi",1.95969844379102,2.71225578020197,0.00135612789010098,0.261336046374519,TRUE,NA,NA
"priorcentral_component","3","candidate_x/u_pi",1.1332497649483,18.1260448536115,0.00453151121340288,0.152921363960745,TRUE,NA,NA
"priorcentral_component","3","reference_x/u_eta_rti",2.64777610208408,2.33975700407462,0.00116987850203731,1.20332229130242,TRUE,NA,NA
"priorcentral_component","3","candidate_x/u_eta_rti",1.19725147539088,13.2688851942583,0.00331722129856458,0.412292039580024,TRUE,NA,NA
"priorcentral_component","3","reference_x/u_eta_pi",1.37047111940194,4.29025931079954,0.00214512965539977,0.0120138525290976,TRUE,NA,NA
"priorcentral_component","3","candidate_x/u_eta_pi",1.05456153013426,43.6352216761549,0.0109088054190387,0.201823200557555,TRUE,NA,NA
"priorcentral_component","3","reference_bridge_score",NA,NA,NA,NA,FALSE,"max_iterations","Bridge iteration did not converge within `max_iterations`."
"priorcentral_component","3","candidate_bridge_score",NA,NA,NA,NA,FALSE,"max_iterations","Bridge iteration did not converge within `max_iterations`."
"priorcentral_component","6","forward_raw_weight_contribution",1.27583939018665,5.2014544355234,0.0026007272177617,0.365,TRUE,NA,NA
"priorcentral_component","6","reverse_raw_weight_contribution",1.00059869183453,3533.94648073921,0.883486620184803,6.77236045021345e-15,TRUE,NA,NA
"priorcentral_component","6","reference_x/u_log_lambda",1.15015492266036,8.21922027978536,0.00410961013989268,0.0721593147268451,TRUE,NA,NA
"priorcentral_component","6","candidate_x/u_log_lambda",1.09069220131093,55.2602612192184,0.0138150653048046,0.164171111926333,TRUE,NA,NA
"priorcentral_component","6","reference_x/u_log_mu_t",1.38878495660626,4.16596509027778,0.00208298254513889,0.387100857456576,TRUE,NA,NA
"priorcentral_component","6","candidate_x/u_log_mu_t",1.11009009178175,21.2826299979126,0.00532065749947815,0.140636768288324,TRUE,NA,NA
"priorcentral_component","6","reference_x/u_log_mu_a",1.22917993813596,5.93255695288185,0.00296627847644093,0.0727542578364939,TRUE,NA,NA
"priorcentral_component","6","candidate_x/u_log_mu_a",1.18164602565427,14.135966143881,0.00353399153597026,0.2127703498954,TRUE,NA,NA
"priorcentral_component","6","reference_x/u_log_p",1.8663463658867,2.81383208725553,0.00140691604362776,0.569326748681245,TRUE,NA,NA
"priorcentral_component","6","candidate_x/u_log_p",1.10318469071465,22.4993065184183,0.00562482662960456,0.195290078144166,TRUE,NA,NA
"priorcentral_component","6","reference_x/u_log_alpha_l",1.26346337137421,5.36988472385125,0.00268494236192563,0.100718269949367,TRUE,NA,NA
"priorcentral_component","6","candidate_x/u_log_alpha_l",1.10745842966409,48.4023638343228,0.0121005909585807,0.597152719949984,TRUE,NA,NA
"priorcentral_component","6","reference_x/u_pi",1.57454869191717,3.36215797875644,0.00168107898937822,0.445134109341355,TRUE,NA,NA
"priorcentral_component","6","candidate_x/u_pi",1.14545657498788,16.8679701002264,0.0042169925250566,0.267388007247214,TRUE,NA,NA
"priorcentral_component","6","reference_x/u_eta_rti",1.43283344486503,3.91102883893875,0.00195551441946937,1.99796812156819,TRUE,NA,NA
"priorcentral_component","6","candidate_x/u_eta_rti",1.07074238329982,39.375301246589,0.00984382531164725,0.288886043043754,TRUE,NA,NA
"priorcentral_component","6","reference_x/u_eta_pi",1.13735372462835,8.83878396355869,0.00441939198177935,0.0257202008264201,TRUE,NA,NA
"priorcentral_component","6","candidate_x/u_eta_pi",1.04598193612314,52.0335594492907,0.0130083898623227,0.139177391132431,TRUE,NA,NA
"priorcentral_component","6","reference_bridge_score",NA,NA,NA,NA,FALSE,"max_iterations","Bridge iteration did not converge within `max_iterations`."
"priorcentral_component","6","candidate_bridge_score",NA,NA,NA,NA,FALSE,"max_iterations","Bridge iteration did not converge within `max_iterations`."
"priorcentral_component","16","forward_raw_weight_contribution",1,213.37154920148,0.10668577460074,0.00399999999999999,TRUE,NA,NA
"priorcentral_component","16","reverse_raw_weight_contribution",1.05239246800469,34.4385655074382,0.00860964137685955,1.11022302462516e-16,TRUE,NA,NA
"priorcentral_component","16","reference_x/u_log_lambda",1.02261992679516,97.3291308538645,0.0486645654269323,0.0901394979519119,TRUE,NA,NA
"priorcentral_component","16","candidate_x/u_log_lambda",1.00238080465548,442.970411856796,0.110742602964199,0.0269331597850346,TRUE,NA,NA
"priorcentral_component","16","reference_x/u_log_mu_t",1.01146888665167,209.780481616943,0.104890240808472,0.0181531034201248,TRUE,NA,NA
"priorcentral_component","16","candidate_x/u_log_mu_t",1.01860629829813,254.974128967342,0.0637435322418354,0.073776041868042,TRUE,NA,NA
"priorcentral_component","16","reference_x/u_log_mu_a",1.00245376285016,177.932483659568,0.0889662418297839,0.0238465645538427,TRUE,NA,NA
"priorcentral_component","16","candidate_x/u_log_mu_a",1.03489103427358,129.657108492966,0.0324142771232415,0.111200811148919,TRUE,NA,NA
"priorcentral_component","16","reference_x/u_log_p",1.00045544571375,277.167698546137,0.138583849273068,0.0443961542361828,TRUE,NA,NA
"priorcentral_component","16","candidate_x/u_log_p",1.01720768943871,196.607351880675,0.0491518379701687,0.122879552760528,TRUE,NA,NA
"priorcentral_component","16","reference_x/u_log_alpha_l",1.02177531237608,142.164088360662,0.0710820441803312,0.0904460630054036,TRUE,NA,NA
"priorcentral_component","16","candidate_x/u_log_alpha_l",1.01420642046099,287.89347509127,0.0719733687728176,0.262943256953921,TRUE,NA,NA
"priorcentral_component","16","reference_x/u_pi",1.01987394855771,148.452448428508,0.0742262242142541,0.202170743964961,TRUE,NA,NA
"priorcentral_component","16","candidate_x/u_pi",1.02418399181739,167.410780830801,0.0418526952077001,0.0419241596552352,TRUE,NA,NA
"priorcentral_component","16","reference_x/u_eta_rti",1,193.689375635691,0.0968446878178454,0.17204008776735,TRUE,NA,NA
"priorcentral_component","16","candidate_x/u_eta_rti",1.03094727347804,219.837733467444,0.0549594333668611,0.0548385165162237,TRUE,NA,NA
"priorcentral_component","16","reference_x/u_eta_pi",1.00046573499652,184.398175080111,0.0921990875400554,0.00314932049842209,TRUE,NA,NA
"priorcentral_component","16","candidate_x/u_eta_pi",1.02214248730418,226.746536975954,0.0566866342439884,0.119339458704308,TRUE,NA,NA
"priorcentral_component","16","reference_bridge_score",1,213.37154920148,0.10668577460074,0.004,TRUE,NA,NA
"priorcentral_component","16","candidate_bridge_score",1.05464233164274,33.1359991963565,0.00828399979908913,1.11022302462516e-16,TRUE,NA,NA
"priorcentral_component","20","forward_raw_weight_contribution",1.00166863427251,194.719152244462,0.0973595761222309,0.002,TRUE,NA,NA
"priorcentral_component","20","reverse_raw_weight_contribution",1.00136569498644,2922.82180612296,0.730705451530741,2.22044604925031e-16,TRUE,NA,NA
"priorcentral_component","20","reference_x/u_log_lambda",1.00524859280301,200.175409780838,0.100087704890419,0.0310230159841276,TRUE,NA,NA
"priorcentral_component","20","candidate_x/u_log_lambda",1.02298160713953,155.87733086248,0.0389693327156201,0.0779379125498532,TRUE,NA,NA
"priorcentral_component","20","reference_x/u_log_mu_t",1.02232904993522,205.010700235275,0.102505350117637,0.274060619396133,TRUE,NA,NA
"priorcentral_component","20","candidate_x/u_log_mu_t",1.03536620191777,172.852541135436,0.0432131352838589,0.145152876045989,TRUE,NA,NA
"priorcentral_component","20","reference_x/u_log_mu_a",1.00259102424249,231.065608361697,0.115532804180849,0.0313165463753398,TRUE,NA,NA
"priorcentral_component","20","candidate_x/u_log_mu_a",1.01890088189433,186.289948797365,0.0465724871993413,0.0729795541682799,TRUE,NA,NA
"priorcentral_component","20","reference_x/u_log_p",1,248.369412798136,0.124184706399068,0.025480605979749,TRUE,NA,NA
"priorcentral_component","20","candidate_x/u_log_p",1.010886367632,152.744079187,0.0381860197967499,0.110436640863635,TRUE,NA,NA
"priorcentral_component","20","reference_x/u_log_alpha_l",1.00546967248953,187.493842204787,0.0937469211023935,0.0355688592021846,TRUE,NA,NA
"priorcentral_component","20","candidate_x/u_log_alpha_l",1.00921955714287,217.1433664752,0.0542858416187999,0.214782516853969,TRUE,NA,NA
"priorcentral_component","20","reference_x/u_pi",1.00147553410181,208.900364922833,0.104450182461416,0.0471018629941804,TRUE,NA,NA
"priorcentral_component","20","candidate_x/u_pi",1.03943059835789,187.112826312257,0.0467782065780642,0.126631822784787,TRUE,NA,NA
"priorcentral_component","20","reference_x/u_eta_rti",1.00868896846623,134.664850767189,0.0673324253835945,0.163876774893698,TRUE,NA,NA
"priorcentral_component","20","candidate_x/u_eta_rti",1.03334119257637,125.946780894804,0.0314866952237009,0.0966353957435366,TRUE,NA,NA
"priorcentral_component","20","reference_x/u_eta_pi",1.00025997347203,246.150975142593,0.123075487571297,0.0106417086419182,TRUE,NA,NA
"priorcentral_component","20","candidate_x/u_eta_pi",1.01129021964355,163.677559127175,0.0409193897817937,0.092255852670152,TRUE,NA,NA
"priorcentral_component","20","reference_bridge_score",1.00166863427251,194.719152244462,0.0973595761222309,0.002,TRUE,NA,NA
"priorcentral_component","20","candidate_bridge_score",1.00061821003165,3048.83600317933,0.762209000794833,2.22044604925031e-16,TRUE,NA,NA
"priorcentral_component","55","forward_raw_weight_contribution",1.0460871118669,45.9868576159449,0.0229934288079724,0.044,TRUE,NA,NA
"priorcentral_component","55","reverse_raw_weight_contribution",1.00566307881138,635.327590656141,0.158831897664035,1.19515508600898e-12,TRUE,NA,NA
"priorcentral_component","55","reference_x/u_log_lambda",1.48062017189928,3.6885861977495,0.00184429309887475,0.036672220895853,TRUE,NA,NA
"priorcentral_component","55","candidate_x/u_log_lambda",1.18034109929902,14.2154118965955,0.00355385297414888,0.178196450041664,TRUE,NA,NA
"priorcentral_component","55","reference_x/u_log_mu_t",1.35506825248541,4.404944568635,0.0022024722843175,0.44081056093213,TRUE,NA,NA
"priorcentral_component","55","candidate_x/u_log_mu_t",1.14411257366245,16.9962046754816,0.00424905116887041,0.275292439600015,TRUE,NA,NA
"priorcentral_component","55","reference_x/u_log_mu_a",1.07322853423738,16.0565230162794,0.00802826150813968,0.0564683743707399,TRUE,NA,NA
"priorcentral_component","55","candidate_x/u_log_mu_a",1.11038440978144,21.2344946992933,0.00530862367482333,0.128650085356936,TRUE,NA,NA
"priorcentral_component","55","reference_x/u_log_p",1.18422672607099,6.99127127677055,0.00349563563838528,0.100103685555968,TRUE,NA,NA
"priorcentral_component","55","candidate_x/u_log_p",1.10665189351179,21.8689589927744,0.00546723974819359,0.256392723009202,TRUE,NA,NA
"priorcentral_component","55","reference_x/u_log_alpha_l",1.14931726098369,8.25661813170397,0.00412830906585199,0.00901900121842658,TRUE,NA,NA
"priorcentral_component","55","candidate_x/u_log_alpha_l",1.09262456033759,55.1356123368057,0.0137839030842014,0.443283903493425,TRUE,NA,NA
"priorcentral_component","55","reference_x/u_pi",1.05837854792183,17.961473056713,0.00898073652835652,0.220539591007905,TRUE,NA,NA
"priorcentral_component","55","candidate_x/u_pi",1.12562724057728,19.0362924944687,0.00475907312361719,0.208118874009716,TRUE,NA,NA
"priorcentral_component","55","reference_x/u_eta_rti",1.14174405260649,8.61389511602141,0.00430694755801071,0.705741662625538,TRUE,NA,NA
"priorcentral_component","55","candidate_x/u_eta_rti",1.1221328563367,19.4912225533859,0.00487280563834647,0.129904283174182,TRUE,NA,NA
"priorcentral_component","55","reference_x/u_eta_pi",1.03719230052528,17.2000424663648,0.0086000212331824,0.008539815721055,TRUE,NA,NA
"priorcentral_component","55","candidate_x/u_eta_pi",1.04293489654937,49.9511000527751,0.0124877750131938,0.140125338969392,TRUE,NA,NA
"priorcentral_component","55","reference_bridge_score",NA,NA,NA,NA,FALSE,"max_iterations","Bridge iteration did not converge within `max_iterations`."
"priorcentral_component","55","candidate_bridge_score",NA,NA,NA,NA,FALSE,"max_iterations","Bridge iteration did not converge within `max_iterations`."
"priorcentral_component","71","forward_raw_weight_contribution",1.00720079593986,257.829937690635,0.128914968845317,0.044,TRUE,NA,NA
"priorcentral_component","71","reverse_raw_weight_contribution",1.10116049911117,18.4137459573605,0.00460343648934013,1.11022302462516e-16,TRUE,NA,NA
"priorcentral_component","71","reference_x/u_log_lambda",1.00194667273416,236.388192628985,0.118194096314493,0.00612269571356272,TRUE,NA,NA
"priorcentral_component","71","candidate_x/u_log_lambda",1.00588366005019,361.669688760227,0.0904174221900568,0.0423700713188218,TRUE,NA,NA
"priorcentral_component","71","reference_x/u_log_mu_t",1,256.795686422626,0.128397843211313,0.0127065112111602,TRUE,NA,NA
"priorcentral_component","71","candidate_x/u_log_mu_t",1.01762162801141,227.817656332532,0.056954414083133,0.0277845291436378,TRUE,NA,NA
"priorcentral_component","71","reference_x/u_log_mu_a",1.00954936927292,259.732872775351,0.129866436387676,0.0643353256360641,TRUE,NA,NA
"priorcentral_component","71","candidate_x/u_log_mu_a",1.02875266955833,214.424316222106,0.0536060790555265,0.105838633279077,TRUE,NA,NA
"priorcentral_component","71","reference_x/u_log_p",1.03075240100754,156.086345644382,0.0780431728221909,0.106040538574428,TRUE,NA,NA
"priorcentral_component","71","candidate_x/u_log_p",1.00580289858143,278.955664533083,0.0697389161332708,0.0914541241999167,TRUE,NA,NA
"priorcentral_component","71","reference_x/u_log_alpha_l",1.0033018029942,302.640669017813,0.151320334508906,0.050608844119937,TRUE,NA,NA
"priorcentral_component","71","candidate_x/u_log_alpha_l",1.04640413223988,46.2596628799289,0.0115649157199822,0.515382372966299,TRUE,NA,NA
"priorcentral_component","71","reference_x/u_pi",1.02403966202537,175.186301328411,0.0875931506642054,0.0983505396645278,TRUE,NA,NA
"priorcentral_component","71","candidate_x/u_pi",1.01670181867974,249.685203513373,0.0624213008783434,0.0657075383335532,TRUE,NA,NA
"priorcentral_component","71","reference_x/u_eta_rti",1.00589277617807,244.9125978755,0.12245629893775,1.02298153026586,TRUE,NA,NA
"priorcentral_component","71","candidate_x/u_eta_rti",1.02147927619938,210.298711742123,0.0525746779355308,0.0818482202158242,TRUE,NA,NA
"priorcentral_component","71","reference_x/u_eta_pi",1.00806851780503,271.170579522126,0.135585289761063,0.0488986525138468,TRUE,NA,NA
"priorcentral_component","71","candidate_x/u_eta_pi",1.01546209990671,197.410423347177,0.0493526058367944,0.099816426611377,TRUE,NA,NA
"priorcentral_component","71","reference_bridge_score",1.00720079593986,257.829937690635,0.128914968845317,0.044,TRUE,NA,NA
"priorcentral_component","71","candidate_bridge_score",1.10116049911117,18.4137459573605,0.00460343648934013,1.11022302462516e-16,TRUE,NA,NA
"priorcentral_component","74","forward_raw_weight_contribution",1.16764205908407,7.52632722808757,0.00376316361404379,0.134,TRUE,NA,NA
"priorcentral_component","74","reverse_raw_weight_contribution",1.00285141523478,1107.63783580565,0.276909458951412,1.11022302462516e-16,TRUE,NA,NA
"priorcentral_component","74","reference_x/u_log_lambda",1.13179926171252,10.6685500212975,0.00533427501064874,0.0965659864913322,TRUE,NA,NA
"priorcentral_component","74","candidate_x/u_log_lambda",1.01064157930253,171.595496058406,0.0428988740146015,0.0281967599747839,TRUE,NA,NA
"priorcentral_component","74","reference_x/u_log_mu_t",1.19069274989035,6.80794029766109,0.00340397014883055,0.989669438585883,TRUE,NA,NA
"priorcentral_component","74","candidate_x/u_log_mu_t",1.02230901479963,151.301312545823,0.0378253281364556,0.0828417849672753,TRUE,NA,NA
"priorcentral_component","74","reference_x/u_log_mu_a",1.13257801547022,14.4309022525706,0.00721545112628531,0.062274603267658,TRUE,NA,NA
"priorcentral_component","74","candidate_x/u_log_mu_a",1.0246356528335,159.018680431003,0.0397546701077507,0.0589610773769697,TRUE,NA,NA
"priorcentral_component","74","reference_x/u_log_p",1.14993286539366,8.22920289585819,0.0041146014479291,0.00655849788287455,TRUE,NA,NA
"priorcentral_component","74","candidate_x/u_log_p",1.03748213941318,138.685884161266,0.0346714710403166,0.144515618346965,TRUE,NA,NA
"priorcentral_component","74","reference_x/u_log_alpha_l",1.39350801667756,4.13585492316236,0.00206792746158118,0.173242601643999,TRUE,NA,NA
"priorcentral_component","74","candidate_x/u_log_alpha_l",1.02102995304932,188.41482912991,0.0471037072824776,0.222495327362925,TRUE,NA,NA
"priorcentral_component","74","reference_x/u_pi",1.08162178916148,19.2601636677372,0.00963008183386859,0.0220067162552842,TRUE,NA,NA
"priorcentral_component","74","candidate_x/u_pi",1.0209069747287,129.555869082125,0.0323889672705313,0.0793614047210761,TRUE,NA,NA
"priorcentral_component","74","reference_x/u_eta_rti",1.3195629175125,4.71228106676965,0.00235614053338483,2.59288053233836,TRUE,NA,NA
"priorcentral_component","74","candidate_x/u_eta_rti",1.10508043343315,22.1488208766999,0.00553720521917497,0.375184894910659,TRUE,NA,NA
"priorcentral_component","74","reference_x/u_eta_pi",1.4806629035224,3.68840758096498,0.00184420379048249,0.00976760027513279,TRUE,NA,NA
"priorcentral_component","74","candidate_x/u_eta_pi",1.04659033679015,103.554731437223,0.0258886828593057,0.175583933056804,TRUE,NA,NA
"priorcentral_component","74","reference_bridge_score",NA,NA,NA,NA,FALSE,"max_iterations","Bridge iteration did not converge within `max_iterations`."
"priorcentral_component","74","candidate_bridge_score",NA,NA,NA,NA,FALSE,"max_iterations","Bridge iteration did not converge within `max_iterations`."
"priorcentral_component","88","forward_raw_weight_contribution",1.04152505025864,72.7450022981905,0.0363725011490953,0.0329999999999999,TRUE,NA,NA
"priorcentral_component","88","reverse_raw_weight_contribution",1.08771210836884,22.0512528689494,0.00551281321723736,1.11022302462516e-16,TRUE,NA,NA
"priorcentral_component","88","reference_x/u_log_lambda",1.00061604128534,119.119867117922,0.059559933558961,0.0167972881937115,TRUE,NA,NA
"priorcentral_component","88","candidate_x/u_log_lambda",1.020387798746,186.412203160813,0.0466030507902032,0.0527836305183724,TRUE,NA,NA
"priorcentral_component","88","reference_x/u_log_mu_t",1.00580940786505,150.995587855406,0.0754977939277029,0.12718111367857,TRUE,NA,NA
"priorcentral_component","88","candidate_x/u_log_mu_t",1.01540604015809,145.265596047601,0.0363163990119002,0.0475330124881226,TRUE,NA,NA
"priorcentral_component","88","reference_x/u_log_mu_a",1.02796748089057,71.3609104377538,0.0356804552188769,0.0381901930655369,TRUE,NA,NA
"priorcentral_component","88","candidate_x/u_log_mu_a",1.01474999776756,218.936702175133,0.0547341755437831,0.0664755851506167,TRUE,NA,NA
"priorcentral_component","88","reference_x/u_log_p",1.03251761949778,85.5021581599812,0.0427510790799906,0.0632776205617782,TRUE,NA,NA
"priorcentral_component","88","candidate_x/u_log_p",1.05352234302311,40.5146054952921,0.010128651373823,0.147150638034664,TRUE,NA,NA
"priorcentral_component","88","reference_x/u_log_alpha_l",1.00507928767787,58.3164424455104,0.0291582212227552,0.152614161331849,TRUE,NA,NA
"priorcentral_component","88","candidate_x/u_log_alpha_l",1.03059649519062,136.91341138162,0.034228352845405,0.137647874196213,TRUE,NA,NA
"priorcentral_component","88","reference_x/u_pi",1.00563767433719,102.311160541293,0.0511555802706464,0.0609373905729171,TRUE,NA,NA
"priorcentral_component","88","candidate_x/u_pi",1.0127675104735,134.230953507107,0.0335577383767769,0.0395921171802502,TRUE,NA,NA
"priorcentral_component","88","reference_x/u_eta_rti",1.03441561921822,73.2442964923912,0.0366221482461956,0.785860152069493,TRUE,NA,NA
"priorcentral_component","88","candidate_x/u_eta_rti",1.05045896797952,60.878136314976,0.015219534078744,0.0848493337262983,TRUE,NA,NA
"priorcentral_component","88","reference_x/u_eta_pi",1.02240658897961,77.7248842388991,0.0388624421194495,0.0516862970580565,TRUE,NA,NA
"priorcentral_component","88","candidate_x/u_eta_pi",1.01290694383982,149.696907683155,0.0374242269207887,0.0820682426095045,TRUE,NA,NA
"priorcentral_component","88","reference_bridge_score",1.04152505025864,72.7450022981905,0.0363725011490953,0.033,TRUE,NA,NA
"priorcentral_component","88","candidate_bridge_score",1.14142758824723,14.3384633705889,0.00358461584264723,0,TRUE,NA,NA
"priorcentral_component","105","forward_raw_weight_contribution",1.02232389039156,80.8216381069632,0.0404108190534816,0.0189999999999999,TRUE,NA,NA
"priorcentral_component","105","reverse_raw_weight_contribution",1.12654905407249,16.784030975525,0.00419600774388125,1.11022302462516e-16,TRUE,NA,NA
"priorcentral_component","105","reference_x/u_log_lambda",1.04249028253816,22.1151676285601,0.0110575838142801,0.0368426185020629,TRUE,NA,NA
"priorcentral_component","105","candidate_x/u_log_lambda",1.0199042806628,130.102554513232,0.032525638628308,0.0217230244683693,TRUE,NA,NA
"priorcentral_component","105","reference_x/u_log_mu_t",1.14790899522063,8.32016908004744,0.00416008454002372,0.235113800404676,TRUE,NA,NA
"priorcentral_component","105","candidate_x/u_log_mu_t",1.0663132955633,62.2947805305389,0.0155736951326347,0.0461826895717072,TRUE,NA,NA
"priorcentral_component","105","reference_x/u_log_mu_a",1.02036374357882,58.7699790510071,0.0293849895255036,0.0561857060417327,TRUE,NA,NA
"priorcentral_component","105","candidate_x/u_log_mu_a",1.04304899094954,114.948542150654,0.0287371355376636,0.0548126555239437,TRUE,NA,NA
"priorcentral_component","105","reference_x/u_log_p",1.05380480641953,20.1583523878681,0.0100791761939341,0.0064016068767927,TRUE,NA,NA
"priorcentral_component","105","candidate_x/u_log_p",1.07057048049202,31.4684065210915,0.00786710163027288,0.142444690655991,TRUE,NA,NA
"priorcentral_component","105","reference_x/u_log_alpha_l",1.20802774508703,6.37320644964907,0.00318660322482454,0.3095573232356,TRUE,NA,NA
"priorcentral_component","105","candidate_x/u_log_alpha_l",1.02054584696281,123.119638268318,0.0307799095670796,0.146540904996822,TRUE,NA,NA
"priorcentral_component","105","reference_x/u_pi",1.03720049807954,28.6286075472989,0.0143143037736495,0.0389286317873314,TRUE,NA,NA
"priorcentral_component","105","candidate_x/u_pi",1.05142508252046,42.0424342781069,0.0105106085695267,0.0465268838309067,TRUE,NA,NA
"priorcentral_component","105","reference_x/u_eta_rti",1.02267419339804,71.3688951605917,0.0356844475802959,0.301979730576777,TRUE,NA,NA
"priorcentral_component","105","candidate_x/u_eta_rti",1.03291731159797,100.865625201545,0.0252164063003863,0.184599023308976,TRUE,NA,NA
"priorcentral_component","105","reference_x/u_eta_pi",1.09309462538794,12.3007371101284,0.00615036855506421,0.0569832709841798,TRUE,NA,NA
"priorcentral_component","105","candidate_x/u_eta_pi",1.02992115983519,74.2195932902324,0.0185548983225581,0.181271703420582,TRUE,NA,NA
"priorcentral_component","105","reference_bridge_score",1.02232389039156,80.8216381069632,0.0404108190534816,0.019,TRUE,NA,NA
"priorcentral_component","105","candidate_bridge_score",1,101.138720429644,0.0252846801074111,0,TRUE,NA,NA
"priorcentral_component","111","forward_raw_weight_contribution",1.011233223683,92.1450138336092,0.0460725069168046,0.015,TRUE,NA,NA
"priorcentral_component","111","reverse_raw_weight_contribution",1.05889803166015,30.0654972115634,0.00751637430289085,1.11022302462516e-16,TRUE,NA,NA
"priorcentral_component","111","reference_x/u_log_lambda",1.01554040640212,120.825618884538,0.0604128094422688,0.0523758495833648,TRUE,NA,NA
"priorcentral_component","111","candidate_x/u_log_lambda",1.00984634192265,290.33136578276,0.07258284144569,0.0242123630367443,TRUE,NA,NA
"priorcentral_component","111","reference_x/u_log_mu_t",1.03408755465112,39.9940793559987,0.0199970396779993,0.124924279087065,TRUE,NA,NA
"priorcentral_component","111","candidate_x/u_log_mu_t",1.01652614823117,164.767912895596,0.041191978223899,0.0824749228822586,TRUE,NA,NA
"priorcentral_component","111","reference_x/u_log_mu_a",1.0043096538956,99.9648264123165,0.0499824132061583,0.0352470877207047,TRUE,NA,NA
"priorcentral_component","111","candidate_x/u_log_mu_a",1.02251105927231,181.420160431118,0.0453550401077794,0.0932770694892656,TRUE,NA,NA
"priorcentral_component","111","reference_x/u_log_p",1.00829391975459,83.4537337994568,0.0417268668997284,0.0987769055534971,TRUE,NA,NA
"priorcentral_component","111","candidate_x/u_log_p",1.01681507840999,246.250105186925,0.0615625262967312,0.118440950650239,TRUE,NA,NA
"priorcentral_component","111","reference_x/u_log_alpha_l",1.02033612317173,107.524852506111,0.0537624262530557,0.0392435269224816,TRUE,NA,NA
"priorcentral_component","111","candidate_x/u_log_alpha_l",1.03230343017698,152.490248040631,0.0381225620101577,0.328069560989972,TRUE,NA,NA
"priorcentral_component","111","reference_x/u_pi",1.00143889821416,79.64464520528,0.03982232260264,0.0162214160692346,TRUE,NA,NA
"priorcentral_component","111","candidate_x/u_pi",1.01412605740801,180.608037101132,0.0451520092752829,0.0507716389802197,TRUE,NA,NA
"priorcentral_component","111","reference_x/u_eta_rti",1.02339650784388,107.864988849807,0.0539324944249033,0.818467769964428,TRUE,NA,NA
"priorcentral_component","111","candidate_x/u_eta_rti",1.02501205037372,149.798103754067,0.0374495259385167,0.104760042577324,TRUE,NA,NA
"priorcentral_component","111","reference_x/u_eta_pi",1.00616779443404,130.765529862304,0.065382764931152,0.0247105545625694,TRUE,NA,NA
"priorcentral_component","111","candidate_x/u_eta_pi",1.01557220193439,207.621877467639,0.0519054693669097,0.0373234950891188,TRUE,NA,NA
"priorcentral_component","111","reference_bridge_score",1.011233223683,92.1450138336093,0.0460725069168046,0.015,TRUE,NA,NA
"priorcentral_component","111","candidate_bridge_score",1.05889803166015,30.0654972115634,0.00751637430289085,1.11022302462516e-16,TRUE,NA,NA
"priorcentral_component","117","forward_raw_weight_contribution",1.00624953762091,223.329238604235,0.111664619302117,0.051,TRUE,NA,NA
"priorcentral_component","117","reverse_raw_weight_contribution",1.07853065260947,21.2290451459806,0.00530726128649516,1.11022302462516e-16,TRUE,NA,NA
"priorcentral_component","117","reference_x/u_log_lambda",1.01457435098617,90.7678908157022,0.0453839454078511,0.0936760995254879,TRUE,NA,NA
"priorcentral_component","117","candidate_x/u_log_lambda",1.00071169819875,512.601741130966,0.128150435282741,0.0235193207943585,TRUE,NA,NA
"priorcentral_component","117","reference_x/u_log_mu_t",1.01045400569149,123.724721734404,0.0618623608672021,0.204684545337258,TRUE,NA,NA
"priorcentral_component","117","candidate_x/u_log_mu_t",1.00508645366238,513.902056738018,0.128475514184504,0.0230341272253516,TRUE,NA,NA
"priorcentral_component","117","reference_x/u_log_mu_a",1.01169759158995,201.688623911771,0.100844311955885,0.119136164431625,TRUE,NA,NA
"priorcentral_component","117","candidate_x/u_log_mu_a",1.01172514959203,469.758992505263,0.117439748126316,0.0479694292444947,TRUE,NA,NA
"priorcentral_component","117","reference_x/u_log_p",1.00947725016362,210.146008361427,0.105073004180713,0.0220742614952298,TRUE,NA,NA
"priorcentral_component","117","candidate_x/u_log_p",1.01019998532882,532.390334222345,0.133097583555586,0.0704698557007717,TRUE,NA,NA
"priorcentral_component","117","reference_x/u_log_alpha_l",1.00576302903771,237.876787585216,0.118938393792608,0.120115242880408,TRUE,NA,NA
"priorcentral_component","117","candidate_x/u_log_alpha_l",1.00209453729597,690.806773989407,0.172701693497352,0.064815455537147,TRUE,NA,NA
"priorcentral_component","117","reference_x/u_pi",1.005618827917,179.574387584007,0.0897871937920036,0.0103578598023205,TRUE,NA,NA
"priorcentral_component","117","candidate_x/u_pi",1.00734971780669,540.423421747751,0.135105855436938,0.0491919568376449,TRUE,NA,NA
"priorcentral_component","117","reference_x/u_eta_rti",1.00696801422603,231.246278847837,0.115623139423919,1.0485739292991,TRUE,NA,NA
"priorcentral_component","117","candidate_x/u_eta_rti",1.00126574936711,574.074499538285,0.143518624884571,0.0259506363270186,TRUE,NA,NA
"priorcentral_component","117","reference_x/u_eta_pi",1.00675057763473,200.667259789617,0.100333629894809,0.0635238184823486,TRUE,NA,NA
"priorcentral_component","117","candidate_x/u_eta_pi",1.00241833152227,574.584699753496,0.143646174938374,0.0544741805171816,TRUE,NA,NA
"priorcentral_component","117","reference_bridge_score",1.00624953762091,223.329238604235,0.111664619302118,0.0509999999999999,TRUE,NA,NA
"priorcentral_component","117","candidate_bridge_score",1,58.9704240726441,0.014742606018161,0,TRUE,NA,NA
"priorcentral_component","122","forward_raw_weight_contribution",1.24293670026549,12.4470235493107,0.00622351177465536,0.177,TRUE,NA,NA
"priorcentral_component","122","reverse_raw_weight_contribution",1.1023845520871,20.3650340318709,0.00509125850796772,1.11022302462516e-16,TRUE,NA,NA
"priorcentral_component","122","reference_x/u_log_lambda",1.94663683850984,2.72517150534493,0.00136258575267246,0.3458918892247,TRUE,NA,NA
"priorcentral_component","122","candidate_x/u_log_lambda",1.02435294431084,297.397956746113,0.0743494891865282,0.0457081276168982,TRUE,NA,NA
"priorcentral_component","122","reference_x/u_log_mu_t",1.51333792414484,3.56081808174156,0.00178040904087078,0.561284202882396,TRUE,NA,NA
"priorcentral_component","122","candidate_x/u_log_mu_t",1.03080120283898,139.081820588055,0.0347704551470138,0.125082578280391,TRUE,NA,NA
"priorcentral_component","122","reference_x/u_log_mu_a",1.18998233587134,14.6545682385434,0.00732728411927168,0.0374553556016061,TRUE,NA,NA
"priorcentral_component","122","candidate_x/u_log_mu_a",1.03981056502736,83.5230578195011,0.0208807644548753,0.103390177444584,TRUE,NA,NA
"priorcentral_component","122","reference_x/u_log_p",1.36711480951485,4.31442817922968,0.00215721408961484,0.199638626522402,TRUE,NA,NA
"priorcentral_component","122","candidate_x/u_log_p",1.08050376461066,27.9655998024845,0.00699139995062112,0.191533430142445,TRUE,NA,NA
"priorcentral_component","122","reference_x/u_log_alpha_l",1.29236925725938,4.99910346700035,0.00249955173350018,0.291963241674953,TRUE,NA,NA
"priorcentral_component","122","candidate_x/u_log_alpha_l",1.01195053449014,177.004940815164,0.0442512352037911,0.0813872438998189,TRUE,NA,NA
"priorcentral_component","122","reference_x/u_pi",1.49121255947225,3.64529582746447,0.00182264791373223,0.581464037592945,TRUE,NA,NA
"priorcentral_component","122","candidate_x/u_pi",1.02536871125765,93.0336269972788,0.0232584067493197,0.083804120934056,TRUE,NA,NA
"priorcentral_component","122","reference_x/u_eta_rti",1.30260449438023,4.88499607038181,0.00244249803519091,1.40843709116957,TRUE,NA,NA
"priorcentral_component","122","candidate_x/u_eta_rti",1.06419647135739,34.2882398563569,0.00857205996408923,0.119226672030793,TRUE,NA,NA
"priorcentral_component","122","reference_x/u_eta_pi",1.21523263042765,12.8025612725424,0.0064012806362712,0.351434962265354,TRUE,NA,NA
"priorcentral_component","122","candidate_x/u_eta_pi",1.03402865240472,94.2612607372798,0.0235653151843199,0.184516872875523,TRUE,NA,NA
"priorcentral_component","122","reference_bridge_score",1.24293670026549,12.4470235493107,0.00622351177465536,0.177,TRUE,NA,NA
"priorcentral_component","122","candidate_bridge_score",1.13390142833737,16.0325221165509,0.00400813052913773,0,TRUE,NA,NA
