"endpoint_id","patient_id","quantity","required_for_gate","split_rhat","rank_normalized_split_rhat","folded_split_rhat","mcmc_ess","tail_mcmc_ess","relative_mcmc_ess","chain_mean_range","diagnostic_available","failure_code","failure_message"
"treatment_minus","3","forward_raw_weight_contribution",TRUE,1,1,1,1000,1000,1,0,TRUE,NA,NA
"treatment_minus","6","forward_raw_weight_contribution",TRUE,1,1,1,1000,1000,1,0,TRUE,NA,NA
"treatment_minus","16","forward_raw_weight_contribution",TRUE,1,1,1,1000,1000,1,0,TRUE,NA,NA
"treatment_minus","20","forward_raw_weight_contribution",TRUE,1,1,1,1000,1000,1,0,TRUE,NA,NA
"treatment_minus","55","forward_raw_weight_contribution",TRUE,1,1,1,1000,1000,1,0,TRUE,NA,NA
"treatment_minus","71","forward_raw_weight_contribution",TRUE,1,1,1,1000,1000,1,0,TRUE,NA,NA
"treatment_minus","74","forward_raw_weight_contribution",TRUE,1,1,1,1000,1000,1,0,TRUE,NA,NA
"treatment_minus","88","forward_raw_weight_contribution",TRUE,1,1,1,1000,1000,1,0,TRUE,NA,NA
"treatment_minus","105","forward_raw_weight_contribution",TRUE,1.11028047596501,1.02795776231248,1.11028047596501,18.2876797231828,26.267917630801,0.0182876797231828,0.0844226065930351,TRUE,NA,NA
"treatment_minus","105","reference_x/u_eta_pi",TRUE,1.1430700287553,1.02795776231248,1.1430700287553,18.2876797231828,26.267917630801,0.0182876797231828,0.319143974098209,TRUE,NA,NA
"treatment_minus","111","forward_raw_weight_contribution",TRUE,1.03902543328534,1.03028723125527,1.03902543328534,36.318007760273,56.0922558633422,0.036318007760273,0.00604882022465714,TRUE,NA,NA
"treatment_minus","111","reference_x/u_eta_pi",TRUE,1.03301531734243,1.03028723125527,1.03301531734243,36.318007760273,56.0922558633422,0.036318007760273,0.238246842071467,TRUE,NA,NA
"treatment_minus","117","forward_raw_weight_contribution",TRUE,1.04568588481395,1.04568588481395,1.03408668274151,42.5323155606869,63.0750155377513,0.0425323155606869,0.0350555041831741,TRUE,NA,NA
"treatment_minus","117","reference_x/u_eta_pi",TRUE,1.08832512751089,1.04568588481395,1.08832512751089,42.5323155606869,63.0750155377513,0.0425323155606869,0.449784906050521,TRUE,NA,NA
"treatment_minus","122","forward_raw_weight_contribution",TRUE,1.0319145796709,1.01089756242386,1.0319145796709,40.1731129514114,68.1400177890825,0.0401731129514114,0.0479756333465833,TRUE,NA,NA
"treatment_minus","122","reference_x/u_eta_pi",TRUE,1.02848485339259,1.01089756242386,1.02848485339259,40.1731129514114,68.1400177890825,0.0401731129514114,0.168211409925146,TRUE,NA,NA
"treatment_plus","3","forward_raw_weight_contribution",TRUE,1,1,1,1000,1000,1,0,TRUE,NA,NA
"treatment_plus","6","forward_raw_weight_contribution",TRUE,1,1,1,1000,1000,1,0,TRUE,NA,NA
"treatment_plus","16","forward_raw_weight_contribution",TRUE,1,1,1,1000,1000,1,0,TRUE,NA,NA
"treatment_plus","20","forward_raw_weight_contribution",TRUE,1,1,1,1000,1000,1,0,TRUE,NA,NA
"treatment_plus","55","forward_raw_weight_contribution",TRUE,1,1,1,1000,1000,1,0,TRUE,NA,NA
"treatment_plus","71","forward_raw_weight_contribution",TRUE,1,1,1,1000,1000,1,0,TRUE,NA,NA
"treatment_plus","74","forward_raw_weight_contribution",TRUE,1,1,1,1000,1000,1,0,TRUE,NA,NA
"treatment_plus","88","forward_raw_weight_contribution",TRUE,1,1,1,1000,1000,1,0,TRUE,NA,NA
"treatment_plus","105","forward_raw_weight_contribution",TRUE,1.09733192652852,1.02795776231248,1.09733192652852,18.2876797231828,26.267917630801,0.0182876797231828,0.0037910575613487,TRUE,NA,NA
"treatment_plus","105","reference_x/u_eta_pi",TRUE,1.1430700287553,1.02795776231248,1.1430700287553,18.2876797231828,26.267917630801,0.0182876797231828,0.319143974098209,TRUE,NA,NA
"treatment_plus","111","forward_raw_weight_contribution",TRUE,1.03028723125527,1.03028723125527,1.02439883980055,36.318007760273,56.0922558633422,0.036318007760273,0.0319758973269516,TRUE,NA,NA
"treatment_plus","111","reference_x/u_eta_pi",TRUE,1.03301531734243,1.03028723125527,1.03301531734243,36.318007760273,56.0922558633422,0.036318007760273,0.238246842071467,TRUE,NA,NA
"treatment_plus","117","forward_raw_weight_contribution",TRUE,1.11555604522137,1.04568588481395,1.11555604522137,42.5323155606869,63.0750155377513,0.0425323155606869,0.0530201628876247,TRUE,NA,NA
"treatment_plus","117","reference_x/u_eta_pi",TRUE,1.08832512751089,1.04568588481395,1.08832512751089,42.5323155606869,63.0750155377513,0.0425323155606869,0.449784906050521,TRUE,NA,NA
"treatment_plus","122","forward_raw_weight_contribution",TRUE,1.01473027181329,1.01089756242386,1.01473027181329,40.1731129514114,68.1400177890825,0.0401731129514114,0.0130422648306439,TRUE,NA,NA
"treatment_plus","122","reference_x/u_eta_pi",TRUE,1.02848485339259,1.01089756242386,1.02848485339259,40.1731129514114,68.1400177890825,0.0401731129514114,0.168211409925146,TRUE,NA,NA
"lambda_scale_minus","3","forward_raw_weight_contribution",TRUE,1.08329723359971,1.08329723359971,1.01925786749572,13.6063393622265,76.9076468572088,0.0136063393622265,0.0749651671848117,TRUE,NA,NA
"lambda_scale_minus","3","reference_x/u_log_lambda",TRUE,1.08329723359971,1.08329723359971,1.0141020403279,13.6063393622265,76.9076468572088,0.0136063393622265,0.0822156513131054,TRUE,NA,NA
"lambda_scale_minus","3","reference_x_squared/u_log_lambda",TRUE,1.08329723359971,1.08329723359971,1.01156787978722,13.6063393622265,76.9076468572088,0.0136063393622265,0.39171765559232,TRUE,NA,NA
"lambda_scale_minus","6","forward_raw_weight_contribution",TRUE,1.00834857861622,1.0060387869634,1.00834857861622,87.4213165039247,129.602338079767,0.0874213165039247,0.017555673922891,TRUE,NA,NA
"lambda_scale_minus","6","reference_x/u_log_lambda",TRUE,1.0636971348499,1.0636971348499,1.00410614531329,33.5931722510372,91.5420558975711,0.0335931722510372,0.106233835521086,TRUE,NA,NA
"lambda_scale_minus","6","reference_x_squared/u_log_lambda",TRUE,1.0636971348499,1.0636971348499,1,33.5931722510372,91.5420558975711,0.0335931722510372,0.292181270428671,TRUE,NA,NA
"lambda_scale_minus","16","forward_raw_weight_contribution",TRUE,1.01796232564987,1.01123699519195,1.01796232564987,167.008849402968,175.403428049486,0.167008849402968,0.000952056290123626,TRUE,NA,NA
"lambda_scale_minus","16","reference_x/u_log_lambda",TRUE,1.02498324471978,1.02498324471978,1.00464704656711,70.0097850830474,140.014591940588,0.0700097850830474,0.0137374602423292,TRUE,NA,NA
"lambda_scale_minus","16","reference_x_squared/u_log_lambda",TRUE,1.02498324471978,1.02498324471978,1.00188750394886,70.0097850830474,140.014591940588,0.0700097850830474,0.0400794625099694,TRUE,NA,NA
"lambda_scale_minus","20","forward_raw_weight_contribution",TRUE,1.00359873998631,1.00353567082773,1.00359873998631,158.363607636828,185.736347025621,0.158363607636828,0.0192169857871746,TRUE,NA,NA
"lambda_scale_minus","20","reference_x/u_log_lambda",TRUE,1.01980796567293,1.01980796567293,1.00096241292805,120.246132877316,179.393969401195,0.120246132877316,0.119397584608484,TRUE,NA,NA
"lambda_scale_minus","20","reference_x_squared/u_log_lambda",TRUE,1.01980796567293,1.01980796567293,1,120.246132877316,179.393969401195,0.120246132877316,0.389685753073571,TRUE,NA,NA
"lambda_scale_minus","55","forward_raw_weight_contribution",TRUE,1.11405393074479,1.11405393074479,1.03204675734699,10.3569166787898,87.9847212021278,0.0103569166787898,0.062887143077231,TRUE,NA,NA
"lambda_scale_minus","55","reference_x/u_log_lambda",TRUE,1.13878946521116,1.13878946521116,1.03596098845507,8.79028751485585,12.4534184461719,0.00879028751485585,0.065581101011783,TRUE,NA,NA
"lambda_scale_minus","55","reference_x_squared/u_log_lambda",TRUE,1.13878946521116,1.13878946521116,1.03530029272637,8.79028751485585,12.4534184461719,0.00879028751485585,0.285613461479615,TRUE,NA,NA
"lambda_scale_minus","71","forward_raw_weight_contribution",TRUE,1.0028251492729,1.00200685340142,1.0028251492729,269.524854813023,402.796161310466,0.269524854813023,0.0097314757542134,TRUE,NA,NA
"lambda_scale_minus","71","reference_x/u_log_lambda",TRUE,1.01423681177499,1.01423681177499,1.00713064887497,148.451401472189,187.743269536402,0.148451401472189,0.0231234511308691,TRUE,NA,NA
"lambda_scale_minus","71","reference_x_squared/u_log_lambda",TRUE,1.01423681177499,1.01423681177499,1.00750357560823,148.451401472189,187.743269536402,0.148451401472189,0.0518071393288659,TRUE,NA,NA
"lambda_scale_minus","74","forward_raw_weight_contribution",TRUE,1.0910404348228,1.0910404348228,1.02460907886331,12.58071818076,45.4169118556887,0.01258071818076,0.0074527341947368,TRUE,NA,NA
"lambda_scale_minus","74","reference_x/u_log_lambda",TRUE,1.08862342778342,1.08862342778342,1.01566103652434,21.1029927528691,45.4169118556887,0.0211029927528691,0.0101758042047368,TRUE,NA,NA
"lambda_scale_minus","74","reference_x_squared/u_log_lambda",TRUE,1.08861812483609,1.08861812483609,1.00363256628841,21.1026808148153,45.4169118556887,0.0211026808148153,0.0115129911870065,TRUE,NA,NA
"lambda_scale_minus","88","forward_raw_weight_contribution",TRUE,1.01914855069538,1.01723294049463,1.01914855069538,53.5229312331674,125.844455340042,0.0535229312331674,0.0411626828751608,TRUE,NA,NA
"lambda_scale_minus","88","reference_x/u_log_lambda",TRUE,1.01816808814859,1.01806201723843,1.01816808814859,53.4730482949255,120.273002324309,0.0534730482949255,0.0563390064890066,TRUE,NA,NA
"lambda_scale_minus","88","reference_x_squared/u_log_lambda",TRUE,1.01806201723843,1.01806201723843,1.01793165019044,53.4730482949255,120.273002324309,0.0534730482949255,0.123801216905112,TRUE,NA,NA
"lambda_scale_minus","105","forward_raw_weight_contribution",TRUE,1.03077760277019,1.03077760277019,1.01957928171235,81.3769463694211,104.914283410794,0.0813769463694211,0.00602158037464329,TRUE,NA,NA
"lambda_scale_minus","105","reference_x/u_log_lambda",TRUE,1.05358809560466,1.05358809560466,1.01488281201856,53.8626984964958,68.0224603159197,0.0538626984964958,0.0199585299329199,TRUE,NA,NA
"lambda_scale_minus","105","reference_x_squared/u_log_lambda",TRUE,1.05358809560466,1.05358809560466,1.01827937799281,53.8626984964958,68.0224603159197,0.0538626984964958,0.0499620943588261,TRUE,NA,NA
"lambda_scale_minus","111","forward_raw_weight_contribution",TRUE,1.04120977492895,1.04120977492895,1.00114756483686,123.032224673676,217.870399866924,0.123032224673676,0.00272512741190623,TRUE,NA,NA
"lambda_scale_minus","111","reference_x/u_log_lambda",TRUE,1.02435414057752,1.01837949465406,1.02435414057752,126.608296707133,171.608475745881,0.126608296707133,0.0904990717640779,TRUE,NA,NA
"lambda_scale_minus","111","reference_x_squared/u_log_lambda",TRUE,1.02446465477346,1.01837949465406,1.02446465477346,126.608296707133,171.608475745881,0.126608296707133,0.272685820734786,TRUE,NA,NA
"lambda_scale_minus","117","forward_raw_weight_contribution",TRUE,1.03411072192158,1.03109570951503,1.03411072192158,35.1717048922097,22.4441140589346,0.0351717048922097,0.0715648856160884,TRUE,NA,NA
"lambda_scale_minus","117","reference_x/u_log_lambda",TRUE,1.03550901830391,1.03550901830391,1.03125803231798,35.8781426065055,22.4441140589346,0.0358781426065055,0.183949885441549,TRUE,NA,NA
"lambda_scale_minus","117","reference_x_squared/u_log_lambda",TRUE,1.03076151094123,1.02546896354052,1.03076151094123,42.8404046099213,140.823258451257,0.0428404046099213,0.332845564204282,TRUE,NA,NA
"lambda_scale_minus","122","forward_raw_weight_contribution",TRUE,1.07885140659344,1.07885140659344,1.03939134976205,14.2863533367531,21.8278059777732,0.0142863533367531,0.0259086723024601,TRUE,NA,NA
"lambda_scale_minus","122","reference_x/u_log_lambda",TRUE,1.07091618813349,1.07091618813349,1.00320339967736,15.7123269692207,152.958399087497,0.0157123269692207,0.0827231264559212,TRUE,NA,NA
"lambda_scale_minus","122","reference_x_squared/u_log_lambda",TRUE,1.07091618813349,1.07091618813349,1.00563949135005,15.7123269692207,152.958399087497,0.0157123269692207,0.274595089036086,TRUE,NA,NA
"lambda_scale_plus","3","forward_raw_weight_contribution",TRUE,1.08329723359971,1.08329723359971,1.00287840592885,13.6063393622265,76.9076468572088,0.0136063393622265,0.047484565537282,TRUE,NA,NA
"lambda_scale_plus","3","reference_x/u_log_lambda",TRUE,1.08329723359971,1.08329723359971,1.0141020403279,13.6063393622265,76.9076468572088,0.0136063393622265,0.0822156513131054,TRUE,NA,NA
"lambda_scale_plus","3","reference_x_squared/u_log_lambda",TRUE,1.08329723359971,1.08329723359971,1.01156787978722,13.6063393622265,76.9076468572088,0.0136063393622265,0.39171765559232,TRUE,NA,NA
"lambda_scale_plus","6","forward_raw_weight_contribution",TRUE,1.00814373614409,1.0060387869634,1.00814373614409,87.4213165039247,129.602338079767,0.0874213165039247,0.0100801856252384,TRUE,NA,NA
"lambda_scale_plus","6","reference_x/u_log_lambda",TRUE,1.0636971348499,1.0636971348499,1.00410614531329,33.5931722510372,91.5420558975711,0.0335931722510372,0.106233835521086,TRUE,NA,NA
"lambda_scale_plus","6","reference_x_squared/u_log_lambda",TRUE,1.0636971348499,1.0636971348499,1,33.5931722510372,91.5420558975711,0.0335931722510372,0.292181270428671,TRUE,NA,NA
"lambda_scale_plus","16","forward_raw_weight_contribution",TRUE,1.0177523417147,1.01123699519195,1.0177523417147,167.008849402968,175.403428049486,0.167008849402968,0.000162658257303772,TRUE,NA,NA
"lambda_scale_plus","16","reference_x/u_log_lambda",TRUE,1.02498324471978,1.02498324471978,1.00464704656711,70.0097850830474,140.014591940588,0.0700097850830474,0.0137374602423292,TRUE,NA,NA
"lambda_scale_plus","16","reference_x_squared/u_log_lambda",TRUE,1.02498324471978,1.02498324471978,1.00188750394886,70.0097850830474,140.014591940588,0.0700097850830474,0.0400794625099694,TRUE,NA,NA
"lambda_scale_plus","20","forward_raw_weight_contribution",TRUE,1.00353567082773,1.00353567082773,1.00352069987035,158.363607636828,185.736347025621,0.158363607636828,0.00884727678279779,TRUE,NA,NA
"lambda_scale_plus","20","reference_x/u_log_lambda",TRUE,1.01980796567293,1.01980796567293,1.00096241292805,120.246132877316,179.393969401195,0.120246132877316,0.119397584608484,TRUE,NA,NA
"lambda_scale_plus","20","reference_x_squared/u_log_lambda",TRUE,1.01980796567293,1.01980796567293,1,120.246132877316,179.393969401195,0.120246132877316,0.389685753073571,TRUE,NA,NA
"lambda_scale_plus","55","forward_raw_weight_contribution",TRUE,1.11405393074479,1.11405393074479,1.03812273813906,10.3569166787898,87.9847212021278,0.0103569166787898,0.0307652782378023,TRUE,NA,NA
"lambda_scale_plus","55","reference_x/u_log_lambda",TRUE,1.13878946521116,1.13878946521116,1.03596098845507,8.79028751485585,12.4534184461719,0.00879028751485585,0.065581101011783,TRUE,NA,NA
"lambda_scale_plus","55","reference_x_squared/u_log_lambda",TRUE,1.13878946521116,1.13878946521116,1.03530029272637,8.79028751485585,12.4534184461719,0.00879028751485585,0.285613461479615,TRUE,NA,NA
"lambda_scale_plus","71","forward_raw_weight_contribution",TRUE,1.00286929870955,1.00200685340142,1.00286929870955,269.524854813023,402.796161310466,0.269524854813023,0.00726882946792662,TRUE,NA,NA
"lambda_scale_plus","71","reference_x/u_log_lambda",TRUE,1.01423681177499,1.01423681177499,1.00713064887497,148.451401472189,187.743269536402,0.148451401472189,0.0231234511308691,TRUE,NA,NA
"lambda_scale_plus","71","reference_x_squared/u_log_lambda",TRUE,1.01423681177499,1.01423681177499,1.00750357560823,148.451401472189,187.743269536402,0.148451401472189,0.0518071393288659,TRUE,NA,NA
"lambda_scale_plus","74","forward_raw_weight_contribution",TRUE,1.0910404348228,1.0910404348228,1.03014628596552,12.58071818076,45.4169118556887,0.01258071818076,0.0116952711588545,TRUE,NA,NA
"lambda_scale_plus","74","reference_x/u_log_lambda",TRUE,1.08862342778342,1.08862342778342,1.01566103652434,21.1029927528691,45.4169118556887,0.0211029927528691,0.0101758042047368,TRUE,NA,NA
"lambda_scale_plus","74","reference_x_squared/u_log_lambda",TRUE,1.08861812483609,1.08861812483609,1.00363256628841,21.1026808148153,45.4169118556887,0.0211026808148153,0.0115129911870065,TRUE,NA,NA
"lambda_scale_plus","88","forward_raw_weight_contribution",TRUE,1.02007938673388,1.01723294049463,1.02007938673388,53.5229312331674,125.844455340042,0.0535229312331674,0.00418291337148768,TRUE,NA,NA
"lambda_scale_plus","88","reference_x/u_log_lambda",TRUE,1.01816808814859,1.01806201723843,1.01816808814859,53.4730482949255,120.273002324309,0.0534730482949255,0.0563390064890066,TRUE,NA,NA
"lambda_scale_plus","88","reference_x_squared/u_log_lambda",TRUE,1.01806201723843,1.01806201723843,1.01793165019044,53.4730482949255,120.273002324309,0.0534730482949255,0.123801216905112,TRUE,NA,NA
"lambda_scale_plus","105","forward_raw_weight_contribution",TRUE,1.03077760277019,1.03077760277019,1.02082737660049,81.3769463694211,104.914283410794,0.0813769463694211,0.00529050291780198,TRUE,NA,NA
"lambda_scale_plus","105","reference_x/u_log_lambda",TRUE,1.05358809560466,1.05358809560466,1.01488281201856,53.8626984964958,68.0224603159197,0.0538626984964958,0.0199585299329199,TRUE,NA,NA
"lambda_scale_plus","105","reference_x_squared/u_log_lambda",TRUE,1.05358809560466,1.05358809560466,1.01827937799281,53.8626984964958,68.0224603159197,0.0538626984964958,0.0499620943588261,TRUE,NA,NA
"lambda_scale_plus","111","forward_raw_weight_contribution",TRUE,1.04120977492895,1.04120977492895,1.00111773709325,123.032224673676,217.870399866924,0.123032224673676,0.0017468568612572,TRUE,NA,NA
"lambda_scale_plus","111","reference_x/u_log_lambda",TRUE,1.02435414057752,1.01837949465406,1.02435414057752,126.608296707133,171.608475745881,0.126608296707133,0.0904990717640779,TRUE,NA,NA
"lambda_scale_plus","111","reference_x_squared/u_log_lambda",TRUE,1.02446465477346,1.01837949465406,1.02446465477346,126.608296707133,171.608475745881,0.126608296707133,0.272685820734786,TRUE,NA,NA
"lambda_scale_plus","117","forward_raw_weight_contribution",TRUE,1.03109570951503,1.03109570951503,1.0299176939013,35.1717048922097,22.4441140589346,0.0351717048922097,0.00967540889871765,TRUE,NA,NA
"lambda_scale_plus","117","reference_x/u_log_lambda",TRUE,1.03550901830391,1.03550901830391,1.03125803231798,35.8781426065055,22.4441140589346,0.0358781426065055,0.183949885441549,TRUE,NA,NA
"lambda_scale_plus","117","reference_x_squared/u_log_lambda",TRUE,1.03076151094123,1.02546896354052,1.03076151094123,42.8404046099213,140.823258451257,0.0428404046099213,0.332845564204282,TRUE,NA,NA
"lambda_scale_plus","122","forward_raw_weight_contribution",TRUE,1.07885140659344,1.07885140659344,1.03955866106563,14.2863533367531,21.8278059777732,0.0142863533367531,0.0143728184782854,TRUE,NA,NA
"lambda_scale_plus","122","reference_x/u_log_lambda",TRUE,1.07091618813349,1.07091618813349,1.00320339967736,15.7123269692207,152.958399087497,0.0157123269692207,0.0827231264559212,TRUE,NA,NA
"lambda_scale_plus","122","reference_x_squared/u_log_lambda",TRUE,1.07091618813349,1.07091618813349,1.00563949135005,15.7123269692207,152.958399087497,0.0157123269692207,0.274595089036086,TRUE,NA,NA
